1,AARTIPHARM,INE0LRU01027,446,20
2,DPSCLTD,INE360C01024,16.7,21.86
3,PONNIERODE,INE838E01017,425.55,20.75
4,HDFCSENSEX,INF179KC1973,735,6
5,DEEPAKNTR,INE288B01029,2213.7,20
6,THANGAMAYL,INE085J01014,1220.75,20
7,NAVNETEDUL,INE060A01024,156.05,20
8,RELINFRA,INE036A01016,173.7,100
9,NFL,INE870D01012,76,20
10,PROZONER,INE195N01013,28.9,21.44
11,JAYAGROGN,INE785A01026,203.95,20
12,ICICINV20,INF109KB1WY5,116.35,20
13,MARUTI,INE585B01010,10346.75,9
14,SWANENERGY,INE665A01038,291.05,20.56
15,ALBERTDAVD,INE155C01010,746.25,20
16,ASAHISONG,INE228I01012,263.5,20
17,KMSUGAR,INE157H01023,34.45,20
18,SIGIND,INE529F01035,49,100
19,ESG,INF769K01GS9,32.68,20
20,YUKEN,INE384C01016,721.4,20
21,RAJESHEXPO,INE343B01030,514.2,20
22,IGPL,INE204A01010,563.55,20
23,BLUESTARCO,INE472A01039,907.3,20
24,SGBJAN29IX,IN0020200377,5892.09,10
25,ITI,INE248A01017,181.9,20.37
26,RUSTOMJEE,INE263M01029,582.15,20
27,BECTORFOOD,INE495P01012,966.3,20
28,SGBMAR25,IN0020160126,5895,10
29,MOVALUE,INF247L01BE5,63.95,20
30,INDIAGLYCO,INE560A01015,707.75,20
31,TRIGYN,INE948A01012,123.85,20.64
32,VSTTILLERS,INE764D01017,3655.25,20
33,SGBSEP27,IN0020190115,5926.25,10
34,SKYGOLD,INE01IU01018,284,100
35,SGBNOV25VI,IN0020170083,5990,10
36,RECLTD,INE020B01018,254.3,20
37,AXISCETF,INF846K016C7,86.8,20
38,IDFNIFTYET,INF194KA1U07,213.82,7.23
39,SGBAUG27,IN0020190107,5900.87,10
40,VERANDA,INE0IQ001011,190.1,20
41,JUBLINDS,INE645L01011,675.3,20
42,PASUPTAC,INE818B01023,35.6,20
43,CENTRUM,INE660C01027,24.7,20
44,UCAL,INE139B01016,137.8,100
45,SGBMAY26,IN0020180033,5899.69,10
46,FLUOROCHEM,INE09N301011,3027.5,20
47,DHUNINV,INE320L01011,738.9,20
48,STARPAPER,INE733A01018,224.35,20
49,CHEMPLASTS,INE488A01050,497.85,20
50,PAGEIND,INE761H01022,39876.7,20
51,GOKULAGRO,INE314T01025,113,20
52,RUSHIL,INE573K01017,291.75,20.13
53,EICHERMOT,INE066A01021,3441.2,10.2
54,VISHNU,INE270I01022,337.25,20
55,GUJALKALI,INE186A01019,705.2,20
56,NMDC,INE584A01023,148.05,20
57,KIRLOSENG,INE146L01010,488.95,20
58,DHANI,INE274G01010,42.35,100
59,MOIL,INE490G01020,223.15,20
60,ANANTRAJ,INE242C01024,219.15,20
61,CREATIVE,INE985W01018,525.05,20
62,TIINDIA,INE974X01010,3361.5,20
63,HDFCNIF100,INF179KC1DB7,201.98,7.55
64,CHAMBLFERT,INE085A01013,282.25,20
65,PLASTIBLEN,INE083C01022,234.65,20
66,KIRLPNU,INE811A01020,572.6,20
67,SGBNOV25,IN0020170091,5900,10
68,RUCHIRA,INE803H01014,151.65,20
69,JSWHL,INE824G01012,4704.85,20
70,HSCL,INE019C01026,237.05,20.42
71,RCF,INE027A01015,129.55,20
72,NATHBIOGEN,INE448G01010,213.8,20
73,SANDHAR,INE278H01035,396.6,20
74,NCC,INE868B01028,152.65,20
75,WELSPUNIND,INE192B01031,123.45,20
76,KECL,INE134B01017,106.5,22.57
77,STOVEKRAFT,INE00IN01015,534.7,20
78,MEDICAMEQ,INE646B01010,671,20
79,AXISHCETF,INF846K01Z12,97.93,20
80,VENUSPIPES,INE0JA001018,1498.8,20
81,TITAN,INE280A01028,3306.65,9
82,IFGLEXPOR,INE133Y01011,478.85,20
83,BASF,INE373A01013,2674.1,20
84,TV18BRDCST,INE886H01027,45.9,20
85,NAHARCAP,INE049I01012,313.4,20.19
86,HDFCBANK,INE040A01034,1563.7,9
87,HINDALCO,INE038A01020,478.3,13.42
88,LIQUIDBEES,INF732E01037,1000,10
89,JPOLYINVST,INE147P01019,529.1,22.68
90,POWERINDIA,INE07Y701011,4163.1,20
91,TATACONSUM,INE192A01025,869.7,9
92,SUBEXLTD,INE754A01055,33.15,22.56
93,VHL,INE701A01023,3089.5,20
94,MEDICO,INE630Y01024,70.8,20
95,MOMOMENTUM,INF247L01BK2,46.24,20
96,SGBMAR30X,IN0020210319,5872.51,10
97,TATVA,INE0GK401011,1633.5,20
98,TANLA,INE483C01032,1030.2,21.08
99,NPBET,INF277K010X4,236.96,7.57
100,RPPINFRA,INE324L01013,67.4,100
101,TORNTPHARM,INE685A01028,1884.15,20
102,ARMANFIN,INE109C01017,2314.55,20
103,INOXGREEN,INE510W01014,66.15,20
104,YESBANK,INE528G01035,18,20
105,PARACABLES,INE074B01023,68.25,100
106,ASAL,INE900C01027,426.2,21.53
107,MAHEPC,INE215D01010,117.1,20
108,COLPAL,INE259A01022,2000.65,20
109,ICICIPHARM,INF109KC1Q72,98.47,20
110,NRBBEARING,INE349A01021,269.35,20
111,ROSSARI,INE02A801020,835.05,20
112,SGBJUN30,IN0020220045,5890,10
113,SHRIRAMPPS,INE217L01019,89,20
114,SGBOCT25IV,IN0020170067,5949.99,10
115,SHAKTIPUMP,INE908D01010,864.55,21.23
116,GANESHHOUC,INE460C01014,439.65,20
117,DMART,INE192R01011,3729.4,20
118,CORDSCABLE,INE792I01017,95.2,100
119,KAYA,INE587G01015,339.8,20
120,SANOFI,INE058A01010,7127.8,20
121,KAMOPAINTS,INE0BTI01029,163.45,100
122,SULA,INE142Q01026,479.9,20
123,ABSLLIQUID,INF209KB18T9,999.99,20
124,TPLPLASTEH,INE413G01022,41.9,100
125,INDUSTOWER,INE121J01017,181.7,20
126,MOLOWVOL,INF247L01BL0,28.85,20
127,AIROLAM,INE801L01010,108.9,100
128,RICOAUTO,INE209B01025,82.85,21.87
129,UCOBANK,INE691A01018,43.85,20.21
130,IRIS,INE864K01010,99.05,100
131,JUNIORBEES,INF732E01045,484.86,6
132,KFINTECH,INE138Y01010,451.6,20
133,FORTIS,INE061F01013,336.75,20
134,LAMBODHARA,INE112F01022,174.4,27.16
135,GATI,INE152B01027,158.55,20
136,ICICIMCAP,INF109KB1XT3,121.89,6.04
137,SOUTHWEST,INE980Y01015,122.5,100
138,BERGEPAINT,INE463A01038,747.1,20
139,OIL,INE274J01014,280.9,20
140,SCHNEIDER,INE839M01018,341.4,20
141,ITC,INE154A01025,452.95,9
142,LICNETFGSC,INF767K01MV5,24.03,10
143,AARVI,INE754X01016,125.25,21.3
144,ORIENTBELL,INE607D01018,462.15,20
145,EMAMILTD,INE548C01032,542.65,20
146,ZUARIIND,INE217A01012,148.1,20
147,SPLIL,INE978G01016,66.35,22.67
148,AHL,INE00ZE01026,317.75,20
149,CONTROLPR,INE663B01015,756.55,20
150,EBBETF0431,INF754K01LE1,1157.8,6
151,IMFA,INE919H01018,406.35,20
152,PRIMESECU,INE032B01021,145.3,20
153,L&TFH,INE498L01015,125.45,20
154,PFS,INE560K01014,27.95,20.69
155,3MINDIA,INE470A01017,30055.85,20
156,CONFIPET,INE552D01024,86.65,20
157,GUJGASLTD,INE844O01030,446.25,20
158,SETF10GILT,INF200KA1JT1,219,10
159,WHIRLPOOL,INE716A01013,1640.7,20
160,SOTL,INE035D01020,333.8,20
161,HISARMETAL,INE598C01011,168,100
162,CONSUMBEES,INF204KA1LD7,93.74,20
163,VIDHIING,INE632C01026,428,20
164,BBTCL,INE01EE01011,239.65,20
165,ADVENZYMES,INE837H01020,322.85,20
166,AXSENSEX,INF846K010Q0,67.2,6
167,VTL,INE825A01020,396.65,20
168,ICICIB22,INF109KB15Y7,75.35,20
169,JYOTHYLAB,INE668F01031,353.8,20
170,INDIANB,INE562A01011,415.15,20
171,MANKIND,INE634S01028,1707.95,20
172,SARDAEN,INE385C01021,214.05,20
173,LAOPALA,INE059D01020,418.65,20
174,GMDCLTD,INE131A01031,287.95,22.84
175,GHCLTEXTIL,INE0PA801013,76.85,20
176,SESHAPAPER,INE630A01024,379.6,20
177,ASTRAL,INE006I01046,1892.7,20
178,ICICIBANKN,INF109KC15I8,45.87,20
179,PGIL,INE940H01014,958.45,22.84
180,TINPLATE,INE422C01014,401.4,20
181,SONACOMS,INE073K01018,603.2,20
182,HAVELLS,INE176B01034,1413.2,20
183,INTELLECT,INE306R01017,723.95,20
184,MAITHANALL,INE683C01011,1053.65,20
185,OPTIEMUS,INE350C01017,318.5,26.53
186,SAFARI,INE429E01023,3527,20
187,KKCL,INE401H01017,689.25,20
188,SAHYADRI,INE280H01015,433.3,20
189,BALPHARMA,INE083D01012,94.45,20
190,PFIZER,INE182A01018,3890.15,20
191,SADHNANIQ,INE888C01040,81.2,20
192,MADRASFERT,INE414A01015,78.65,23.77
193,RESPONIND,INE688D01026,322.4,21.89
194,MCX,INE745G01035,1719.55,20
195,RAJSREESUG,INE562B01019,55.95,100
196,AARON,INE721Z01010,251.5,100
197,DRREDDY,INE089A01023,5615.05,9
198,BHAGCHEM,INE414D01019,1258.85,20
199,VASWANI,INE590L01019,28.45,24.65
200,DREDGECORP,INE506A01018,469.85,20
201,BHANDARI,INE474E01029,6.75,100
202,CARERATING,INE752H01013,840.85,20
203,TVTODAY,INE038F01029,216.95,20
204,PGEL,INE457L01011,1811.5,20
205,PARSVNATH,INE561H01026,8.95,23.8
206,OSWALGREEN,INE143A01010,24.4,20
207,ARVIND,INE034A01011,169.3,20
208,APCOTEXIND,INE116A01032,517.25,20
209,DCMNVL,INE08KP01019,165.8,20
210,DCBBANK,INE503A01015,123.95,20
211,RACE,INE084Q01012,267,20
212,RADIANTCMS,INE855R01021,96.25,20
213,DSPITETF,INF740KA1SX1,33.26,20
214,BIOCON,INE376G01013,273.2,20
215,BIRLACORPN,INE340A01012,1191.9,20
216,MAYURUNIQ,INE040D01038,499.3,20
217,SIMPLEXINF,INE059B01024,56.7,100
218,CHEMCON,INE03YM01018,289.05,20
219,VADILALIND,INE694D01016,2486.95,20
220,DCXINDIA,INE0KL801015,306.2,20
221,SIRCA,INE792Z01011,392.8,20
222,ANDHRAPAP,INE435A01028,601.35,20
223,ALMONDZ,INE326B01027,87.8,20
224,GRMOVER,INE192H01020,203.85,20.18
225,PIIND,INE603J01030,3501.5,20
226,JHS,INE544H01014,21.95,100
227,INDUSINDBK,INE095A01012,1440.45,12.75
228,STERTOOLS,INE334A01023,369.3,21.06
229,TATAPOWER,INE245A01021,262,20
230,NAHARINDUS,INE289A01011,138.95,20
231,FILATEX,INE816B01035,44.95,20
232,BRITANNIA,INE216A01030,4527.4,9
233,MSTCLTD,INE255X01014,410.95,20
234,INDRAMEDCO,INE681B01017,160.85,100
235,AXISILVER,INF846K011K1,73.54,20
236,IOLCP,INE485C01011,499.8,20
237,SDL26BEES,INF204KC1022,115.3,20
238,HNDFDS,INE254N01026,577.3,20
239,SGBNOV258,IN0020170109,5875,10
240,SGBOCT27VI,IN0020190388,5900,10
241,ORISSAMINE,INE725E01024,4665.7,20
242,BPCL,INE029A01011,352.55,9.86
243,ROTO,INE535D01029,355.5,20
244,HDFCMOMENT,INF179KC1DM4,242.77,20
245,SGBDE30III,IN0020220110,5922.39,10
246,GULPOLY,INE255D01024,223.35,20
247,ABB,INE117A01022,4329.05,20
248,APTUS,INE852O01025,274.95,20
249,SBC,INE04AK01028,20.55,100
250,NITINSPIN,INE229H01012,288.5,20
251,GOLDBEES,INF204KB17I5,50.38,20
252,KOTAKPSUBK,INF373I01023,512.87,20
253,SGBSEP24,IN0020160043,5911.5,10
254,GEECEE,INE916G01016,195.45,20
255,ALPHAGEO,INE137C01018,309.5,20
256,CYBERTECH,INE214A01019,125.4,100
257,SOLARA,INE624Z01016,357.6,20
258,MOM50,INF247L01536,202.44,6
259,SHALBY,INE597J01018,233.9,20
260,CEATLTD,INE482A01020,2115.65,20
261,ANDREWYU,INE449C01025,39,20
262,NSLNISP,INE0NNS01018,52.85,20
263,SGBOCT25V,IN0020170075,5941,10
264,REMSONSIND,INE474C01015,424,100
265,MRF,INE883A01011,109603.9,20
266,APOLLOPIPE,INE126J01016,687,20
267,UTIBANKETF,INF789F1AUV1,46.17,20
268,SGBJUN28,IN0020200104,5885,10
269,VALIANTORG,INE565V01010,498.55,20
270,SYNGENE,INE398R01022,796.95,20
271,INFOBEAN,INE344S01016,484.55,20
272,ACC,INE012A01025,1979.8,20
273,SIYSIL,INE076B01028,593.15,20
274,GOLDSHARE,INF789F1AUX7,50.5,20
275,VINEETLAB,INE505Y01010,51.05,21.4
276,ONEPOINT,INE840Y01029,30.85,100
277,GRINDWELL,INE536A01023,2071.05,20
278,SHREECEM,INE070A01015,26107.75,20
279,PHARMABEES,INF204KC1089,15.69,20
280,NEOGEN,INE136S01016,1775.5,20
281,CLEAN,INE227W01023,1438.8,20
282,GRSE,INE382Z01011,843.6,23.06
283,TVSELECT,INE236G01019,359.45,21.52
284,SUKHJITS,INE450E01011,419.3,20
285,SPECIALITY,INE247M01014,202.4,20
286,JINDALPHOT,INE796G01012,450.75,22.98
287,NECCLTD,INE553C01016,20.85,24.14
288,ICICIFIN,INF109KC17L8,20.34,20
289,ROLEXRINGS,INE645S01016,2219.2,20
290,WENDT,INE274C01019,14251.65,20
291,HCLTECH,INE860A01027,1293.4,9
292,JUBLPHARMA,INE700A01033,437.7,20
293,TIMKEN,INE325A01013,3139.8,20
294,SGBMAR28X,IN0020190552,5880,10
295,ASPINWALL,INE991I01015,262.15,21.57
296,IIFL,INE530B01024,590.05,20
297,AYMSYNTEX,INE193B01039,67.05,20
298,GOKUL,INE020J01029,33.95,21.02
299,PRITI,INE974Z01015,167.7,20.17
300,SALZERELEC,INE457F01013,384.75,20.53
301,EROSMEDIA,INE416L01017,18.65,24.01
302,AAREYDRUGS,INE198H01019,47.55,100
303,NIITLTD,INE161A01038,124.45,22.78
304,KAYNES,INE918Z01012,2052.45,20
305,RAMKY,INE874I01013,618.75,20.8
306,ADORWELD,INE045A01017,1063.25,20
307,DIL,INE411Y01011,10.05,100
308,STARCEMENT,INE460H01021,155.85,20
309,SPARC,INE232I01014,231.35,20
310,SGBJUL25,IN0020170034,5880.1,10
311,TI,INE133E01013,206.95,20
312,REPRO,INE461B01014,768.8,20
313,EXIDEIND,INE302A01020,261.85,20
314,ICICI5GSEC,INF109KC14A8,53.27,10
315,ACCURACY,INE648Z01023,8.95,100
316,KIRLFER,INE884B01025,462.55,20
317,THERMAX,INE152A01029,2908.85,20
318,INDOCO,INE873D01024,339.75,20
319,DMCC,INE505A01010,318.15,20
320,PALREDTEC,INE218G01033,149.45,22.93
321,VAISHALI,INE972X01014,123.1,20.77
322,WINDMACHIN,INE052A01021,74.8,100
323,DECCANCE,INE583C01021,539.65,20
324,GOKEX,INE887G01027,768.6,21.54
325,GILLETTE,INE322A01010,6271.05,20
326,DHAMPURSUG,INE041A01016,307.05,20
327,MODISONLTD,INE737D01021,77,100
328,IVC,INE050B01023,7.8,100
329,MOTILALOFS,INE338I01027,869.75,20
330,SGBOCT27,IN0020190370,5919.98,10
331,SHANTIGEAR,INE631A01022,473.8,20
332,RBL,INE244J01017,798.35,20
333,JSWSTEEL,INE019A01038,786.75,10.98
334,TDPOWERSYS,INE419M01027,243.3,20
335,BAJAJHLDNG,INE118A01012,7230.7,20
336,TTML,INE517B01013,102.25,23.13
337,IDEAFORGE,INE349Y01013,951.4,20
338,M&MFIN,INE774D01024,309.5,20
339,JAYSREETEA,INE364A01020,109,20
340,ICICISENSX,INF346A01034,745.12,6
341,EMAMIREAL,INE778K01012,82.35,20
342,GSLSU,INE0JSX01015,172.05,20
343,GANESHBE,INE388A01029,156.2,20
344,ORICONENT,INE730A01022,24.8,100
345,MANGALAM,INE584F01014,101.45,20
346,ROHLTD,INE283H01019,291.85,22.02
347,KNRCON,INE634I01029,280.35,20
348,MALLCOM,INE389C01015,1113.25,20
349,ITDC,INE353K01014,377.9,20
350,NAVKARCORP,INE278M01019,59.4,22.61
351,CTE,INE627H01017,56.75,100
352,IFCI,INE039A01010,21.1,22.57
353,HATHWAY,INE982F01036,18.5,20
354,SUTLEJTEX,INE645H01027,53.9,20
355,SHREYAS,INE757B01015,377.65,22.41
356,SMARTLINK,INE178C01020,172.05,20
357,TATASTLLP,INE674A01014,817.85,20
358,SASKEN,INE231F01020,1049.6,20
359,RAIN,INE855B01025,170.9,20
360,DISHTV,INE836F01026,19,26.43
361,IRFC,INE053F01010,77.2,20
362,ALLSEC,INE835G01018,605.5,20
363,STYLAMIND,INE239C01020,1724.8,20
364,WIPRO,INE075A01022,430.1,9
365,JTLIND,INE391J01024,213.9,20
366,ATUL,INE100A01010,7148.95,20
367,GMRINFRA,INE776C01039,59.75,20
368,MONTECARLO,INE950M01013,773.7,20
369,NEWGEN,INE619B01017,856.55,20
370,NIACL,INE470Y01017,145.05,20
371,DIVISLAB,INE361B01024,3779.6,11.38
372,RSWM,INE611A01016,202,20
373,KPIGREEN,INE542W01017,810.15,22.14
374,MTNL,INE153A01019,26.1,21.63
375,PREMIERPOL,INE309M01012,104.5,100
376,MAKEINDIA,INF769K01IB1,100.38,20
377,ASTERDM,INE914M01019,326.4,20
378,INDIANHUME,INE323C01030,251.85,20
379,SENCO,INE602W01019,468.55,20
380,SHARDACROP,INE221J01015,432.7,20
381,CENTURYTEX,INE055A01016,1026.85,20
382,GULFPETRO,INE586G01017,44.2,20
383,SGBAPR28I,IN0020200062,5951.75,10
384,FAZE3Q,INE963C01033,379.6,20
385,ICICITECH,INF109KC16I6,34.6,20
386,SWSOLAR,INE00M201021,364.45,100
387,ABSLAMC,INE404A01024,418.05,20
388,RAMASTEEL,INE230R01035,36.85,20
389,CORALFINAC,INE558D01021,39.8,20
390,AARTIDRUGS,INE767A01016,578.95,20
391,ELDEHSG,INE668G01021,708.2,20
392,BANKBEES,INF204KB15I9,462.68,20
393,IDFC,INE043D01016,127.35,20
394,SWELECTES,INE409B01013,657.75,22.92
395,BIRLAMONEY,INE865C01022,70.75,20
396,DIVOPPBEES,INF204KA1MS3,58.57,20
397,MURUDCERA,INE692B01014,42,20
398,ICEMAKE,INE520Y01019,506.7,21.06
399,SGBAUG29V,IN0020210129,5871.83,10
400,MAXVIL,INE154U01015,216.2,20
401,VINYLINDIA,INE250B01029,449.1,22.78
402,TCIEXP,INE586V01016,1477.45,20
403,TRENT,INE849A01020,2061.6,20
404,EBBETF0430,INF754K01KO2,1299.77,6
405,ALANKIT,INE914E01040,11.25,20.59
406,MFSL,INE180A01020,934.55,20
407,GLS,INE03Q201024,635.1,20
408,DIVGIITTS,INE753U01022,959.45,20
409,USK,INE0N0Y01013,36,20
410,CANTABIL,INE068L01016,1110.3,20
411,FINCABLES,INE235A01022,1090.85,20
412,PVRINOX,INE191H01014,1712.15,20
413,TATACHEM,INE092A01019,1047.8,20
414,UFO,INE527H01019,110.35,100
415,KAJARIACER,INE217B01036,1366.75,20
416,BHAGERIA,INE354C01027,157.55,20
417,SILVERBEES,INF204KC1402,71.08,20
418,APLLTD,INE901L01018,776.35,20
419,CAPLIPOINT,INE475E01026,1024.75,20
420,SGBNV29VII,IN0020210178,5896.75,10
421,ARVSMART,INE034S01021,344.75,20
422,POLYCAB,INE455K01017,5287.6,20
423,IMPAL,INE547E01014,795.65,20
424,BSOFT,INE836A01035,485,20
425,AJANTPHARM,INE031B01049,1701.45,20
426,HAL,INE066F01012,3992.6,20
427,ALKALI,INE773I01017,114.55,23.23
428,GEPIL,INE878A01011,178.6,20.08
429,MANALIPETC,INE201A01024,65.65,20
430,ACI,INE128X01021,598.9,20
431,HONAUT,INE671A01010,40630.95,20
432,SIEMENS,INE003A01024,3774.1,20
433,MAZDOCK,INE249Z01012,2247.65,23
434,SILVERTUC,INE625X01018,605.7,20
435,HINDCOPPER,INE531E01026,159.1,20
436,TRIDENT,INE064C01022,38.15,20
437,SGBJUN29II,IN0020210061,5893.99,10
438,SARLAPOLY,INE453D01025,51.2,20
439,AUBANK,INE949L01017,755.45,20
440,TIDEWATER,INE484C01030,1196.55,20
441,AIRAN,INE645W01026,22.5,20
442,MOREPENLAB,INE083A01026,36.7,20
443,SDL24BEES,INF204KB18W4,116,20
444,SGBAUG24,IN0020160027,5933.1,10
445,KDDL,INE291D01011,2065.45,20
446,IIFLSEC,INE489L01022,78.1,20
447,SHYAMCENT,INE979R01011,19.9,20
448,SAH,INE035801013,99.5,20
449,CREST,INE559D01011,234.5,20
450,UPL,INE628A01036,622.5,10.09
451,SGBJUL27,IN0020190081,5895,10
452,MARKSANS,INE750C01026,103.15,20
453,SHREYANIND,INE231C01019,243.4,100
454,SAREGAMA,INE979A01025,390.65,20
455,DAAWAT,INE818H01020,165,20
456,SHIVAMAUTO,INE637H01024,34.25,100
457,LINC,INE802B01019,700.5,20
458,INDOBORAX,INE803D01021,164.65,100
459,AETHER,INE0BWX01014,979.25,20
460,DCAL,INE385W01011,155.05,20.77
461,SHOPERSTOP,INE498B01024,702.95,20
462,BANARISUG,INE459A01010,2856.4,20
463,HCC,INE549A01026,24.65,27.3
464,MAXIND,INE0CG601016,141.75,20
465,POLICYBZR,INE417T01026,765.45,20
466,SILVRETF,INF769K01KG6,72.29,20
467,CENTURYPLY,INE348B01021,662.85,20
468,HDFCLIFE,INE795G01014,648.2,10.87
469,BAJAJELEC,INE193E01025,1107.8,100
470,CLSEL,INE419D01026,226.8,20
471,NELCO,INE045B01015,796.85,20
472,RSYSTEMS,INE411H01032,489.7,20
473,ATULAUTO,INE951D01028,562.75,22.58
474,NETF,INF277K015R5,210.29,6.9
475,ECLERX,INE738I01010,1858.9,20
476,HIKAL,INE475B01022,307.25,20
477,NAUKRI,INE663F01024,4464.9,20
478,APARINDS,INE372A01015,5451.1,21.56
479,TRITURBINE,INE152M01016,435,20
480,SOUTHBANK,INE683A01023,25.8,20
481,MEGASOFT,INE933B01012,45.95,100
482,HOMEFIRST,INE481N01025,848.35,20
483,PUNJABCHEM,INE277B01014,1084.15,20
484,HARDWYN,INE626Z01029,39.15,22.07
485,KRITI,INE479D01038,102.95,20
486,ALOKINDS,INE270A01029,19.35,21.63
487,SHARIABEES,INF732E01128,448.4,20
488,YAARI,INE126M01010,11.25,100
489,NILKAMAL,INE310A01015,2341.7,20
490,HCL-INSYS,INE236A01020,17.15,100
491,EVERESTIND,INE295A01018,1089.9,20
492,SAKUMA,INE190H01024,19.6,23.5
493,DENORA,INE244A01016,1621.85,26.46
494,GREENPOWER,INE999K01014,14.2,100
495,BODALCHEM,INE338D01028,80.1,20
496,PEL,INE140A01024,1067.95,20
497,COMPUSOFT,INE453B01029,22.25,22.33
498,GMMPFAUDLR,INE541A01023,1814,20
499,DBOL,INE0I3401014,176.25,20
500,SUMICHEM,INE258G01013,428.2,20
501,APLAPOLLO,INE702C01027,1599.6,20
502,GOODLUCK,INE127I01024,598.75,20
503,PATINTLOG,INE529D01014,15.2,100
504,MAWANASUG,INE636A01039,112.6,20.68
505,LIBERTSHOE,INE557B01019,249.6,20
506,JAYNECOIND,INE854B01010,36.15,21.81
507,KTKBANK,INE614B01018,248.4,20
508,ORIENTCEM,INE876N01018,172.85,20
509,RAYMOND,INE301A01014,1893.1,20
510,POLYPLEX,INE633B01018,1173.45,20
511,MUNJALSHOW,INE577A01027,149.05,20
512,KOPRAN,INE082A01010,226.55,23.81
513,BOMDYEING,INE032A01023,144.65,21.06
514,GIPCL,INE162A01010,141.4,20
515,SGBJUL28IV,IN0020200146,5892.74,10
516,STEELXIND,INE503B01021,10.35,21.45
517,TRIVENI,INE256C01024,377.15,20
518,VAKRANGEE,INE051B01021,17,20.46
519,IFBAGRO,INE076C01018,525.9,20
520,PSPPROJECT,INE488V01015,797.5,20
521,JASH,INE039O01011,1325.45,20
522,SGBOCT25,IN0020170059,5890.05,10
523,MASTEK,INE759A01021,2336,20
524,CARTRADE,INE290S01011,565.2,20
525,PILITA,INE600A01035,8.75,100
526,PERSISTENT,INE262H01013,5786.65,20
527,LODHA,INE670K01029,774.95,20
528,RADICO,INE944F01028,1208.45,20
529,PANACEABIO,INE922B01023,162.35,20
530,HARRMALAYA,INE544A01019,161.45,20
531,RTNINDIA,INE834M01019,57.15,23.77
532,GALAXYSURF,INE600K01018,2654.35,20
533,VASCONEQ,INE893I01013,57.5,23.21
534,NURECA,INE0DSF01015,350.5,20.49
535,SGBD29VIII,IN0020210228,5880.2,10
536,DSPSILVETF,INF740KA1RE3,71.41,20
537,BALAXI,INE618N01014,455.8,20
538,BAIDFIN,INE020D01022,32.8,20
539,CHEMFAB,INE783X01023,372.2,21.81
540,HBLPOWER,INE292B01021,255.5,23.21
541,APCL,INE071F01012,179.3,20
542,NATCOPHARM,INE987B01026,868.9,20
543,BANDHANBNK,INE545U01014,244.95,20
544,SGBAUG28V,IN0020200161,5898.47,10
545,HDFCNIFIT,INF179KC1DX1,333,20
546,MGL,INE002S01010,1039.05,20
547,MAHABANK,INE457A01014,46.3,20
548,GODREJIND,INE233A01035,558.8,20
549,SHRIRAMFIN,INE721A01013,1917.9,20
550,FEDERALBNK,INE171A01029,146.5,20
551,DOLLAR,INE325C01035,432.7,20
552,WHEELS,INE715A01015,773.65,20
553,BFUTILITIE,INE243D01012,674.75,20.45
554,TRIL,INE763I01026,166.7,28.33
555,SGBMAY25,IN0020170018,5949.41,10
556,ONWARDTEC,INE229A01017,570.2,21.97
557,SGBMAR24,IN0020150119,5935,10
558,BOROLTD,INE02PY01013,405.55,20
559,HDFCSILVER,INF179KC1DI2,71.08,20
560,ALKYLAMINE,INE150B01039,2423.15,20
561,PETRONET,INE347G01014,239.6,20
562,LAXMIMACH,INE269B01029,14936.1,20
563,ESCORTS,INE042A01014,3136.7,20
564,ORBTEXP,INE231G01010,162.6,100
565,FCL,INE045J01026,320.05,20.77
566,BORORENEW,INE666D01022,424.5,20
567,SETFNIF50,INF200KA1FS1,207.45,6
568,SGBN28VIII,IN0020200286,5908,10
569,GREENPANEL,INE08ZM01014,384.15,20
570,OMINFRAL,INE239D01028,76.4,100
571,ABSLBANETF,INF209KB17D5,45.84,20
572,NOCIL,INE163A01018,242.1,20
573,CGPOWER,INE067A01029,431.6,20
574,TARC,INE0EK901012,86.1,20
575,SELAN,INE818A01017,388.7,20
576,AUTOIND,INE718H01014,94,100
577,RUBYMILLS,INE301D01026,241.6,22.04
578,SPCENET,INE970N01027,22.25,20.37
579,DIAMONDYD,INE393P01035,887.9,20
580,TCPLPACK,INE822C01015,2110.1,20.14
581,PRAKASH,INE603A01013,139.6,20
582,GTPL,INE869I01013,179.15,20
583,CHOLAFIN,INE121A01024,1199,20
584,MONARCH,INE903D01011,334.2,22.17
585,SHARDAMOTR,INE597I01028,999.8,20
586,ABSLNN50ET,INF209KB16D7,47.05,6.21
587,SETFNN50,INF200KA1598,479.09,6
588,SEQUENT,INE807F01027,89.2,20
589,M&M,INE101A01026,1634,10.2
590,UNOMINDA,INE405E01023,611.75,20
591,UGARSUGAR,INE071E01023,111.35,21.13
592,JWL,INE209L01016,319.2,24.37
593,NACLIND,INE295D01020,81.2,20
594,AVTNPL,INE488D01021,83.8,20
595,GLOBAL,INE291W01029,191.45,24.21
596,RGL,INE722H01024,104.5,20
597,AWL,INE699H01024,349.25,20
598,MMTC,INE123F01029,59.05,23.05
599,AUTOAXLES,INE449A01011,2178.45,20
600,ELGIEQUIP,INE285A01027,506.75,20
601,TOKYOPLAST,INE932C01012,105.35,20
602,MID150BEES,INF204KB1V68,154.55,6
603,RML,INE050H01012,823.3,20.52
604,FOODSIN,INE976E01023,173.6,20
605,KRITINUT,INE798K01010,75.55,100
606,SDBL,INE480C01020,317.05,20.2
607,JCHAC,INE782A01015,1263.3,20
608,TIPSFILMS,INE0LQS01015,525.95,100
609,PGHH,INE179A01014,17497.15,20
610,SANSERA,INE953O01021,951.75,20
611,RPGLIFE,INE105J01010,1316.8,20
612,ESSARSHPNG,INE122M01019,14.35,100
613,HIL,INE557A01011,2946.3,20
614,CANBK,INE476A01014,371,20
615,TVSMOTOR,INE494B01023,1512.1,20
616,PNCINFRA,INE195J01029,363.85,20
617,VISHAL,INE755Q01025,18.45,20
618,GAEL,INE036B01030,276.7,20
619,MUNJALAU,INE672B01032,57.5,20
620,UNICHEMLAB,INE351A01035,408.65,20
621,ESTER,INE778B01029,95.3,20
622,SRF,INE647A01010,2319.85,20
623,TIPSINDLTD,INE716B01029,320.5,20
624,DSPN50ETF,INF740KA1CL0,202.42,9.18
625,GEOJITFSL,INE007B01023,51.95,20
626,CHALET,INE427F01016,549.95,20
627,BANKINDIA,INE084A01016,106.1,20
628,ARIES,INE298I01015,174.75,20
629,ZYDUSLIFE,INE010B01027,624.75,20
630,GABRIEL,INE524A01029,314.95,20
631,DCMSRIND,INE843D01027,134.85,20
632,KARURVYSYA,INE036D01028,133.8,20
633,ADANIENT,INE423A01024,2470.3,27.74
634,GODFRYPHLP,INE260B01028,2045.5,20
635,EIFFL,INE546V01010,146.25,20
636,KOTHARIPRO,INE823A01017,124.5,20.97
637,SATINDLTD,INE065D01027,114.85,20
638,SBCL,INE386D01027,542.95,20.78
639,SOBHA,INE671H01015,669.3,20
640,DATAMATICS,INE365B01017,575.55,23.28
641,PGHL,INE199A01012,4932.5,20
642,PAYTM,INE982J01020,853.35,20
643,CDSL,INE736A01011,1306.7,20
644,MUTHOOTFIN,INE414G01012,1300.05,20
645,GARFIBRES,INE276A01018,3128.05,20
646,HDFCVALUE,INF179KC1DK8,107.29,20
647,MAHLIFE,INE813A01018,561.4,20
648,JKTYRE,INE573A01042,272.2,20
649,NAHARSPING,INE290A01027,270.25,20
650,UBL,INE686F01025,1599.9,20
651,SGBFEB24,IN0020150101,5905,10
652,WESTLIFE,INE274F01020,967.8,20
653,BFINVEST,INE878K01010,525.85,22.56
654,COFORGE,INE591G01017,5418,20
655,IRISDOREME,INE01GN01025,73.7,20
656,HNGSNGBEES,INF204KB19I1,268.54,8.59
657,AAVAS,INE216P01012,1669.2,20
658,ENGINERSIN,INE510A01028,147.4,20
659,KELLTONTEC,INE164B01022,90.35,20.58
660,RAJMET,INE00KV01022,10.25,100
661,AFFLE,INE00WC01027,1094.1,20
662,VAIBHAVGBL,INE884A01027,430.85,20
663,WSTCSTPAPR,INE976A01021,671.35,20
664,KPRMILL,INE930H01031,729.3,20
665,EMKAY,INE296H01011,86.55,20
666,TVSHLTD,INE105A01035,5539.7,20
667,CYIENTDLM,INE055S01018,656.4,20
668,TFCILTD,INE305A01015,100.5,20
669,MHRIL,INE998I01010,401.15,20
670,MARINE,INE01JE01028,60.75,100
671,EIHAHOTELS,INE276C01014,482.4,20
672,ONGC,INE213A01029,188.2,10.99
673,KOTAKNV20,INF174K01Z71,118.21,20
674,ASHAPURMIN,INE348A01023,318.05,100
675,GODREJCP,INE102D01028,990.1,20
676,ZODIACLOTH,INE206B01013,114.95,20
677,LGBBROSLTD,INE337A01034,1068,20
678,ANGELONE,INE732I01013,1837.15,20
679,MOGSEC,INF247L01AK4,52.79,10
680,ZFCVINDIA,INE342J01019,14931.8,20
681,HITECHCORP,INE120D01012,233.5,100
682,HEROMOTOCO,INE158A01026,3061.85,9.48
683,IONEXCHANG,INE570A01022,515.4,20
684,DHARMAJ,INE00OQ01016,211.15,20
685,GODREJPROP,INE484J01027,1588.4,20
686,JPASSOCIAT,INE455F01025,12,26.42
687,SBIETFCON,INF200KA1X17,87.03,20
688,RBA,INE07T201019,125.05,20
689,EVEREADY,INE128A01029,397.55,20
690,IGL,INE203G01027,463.6,20
691,GICRE,INE481Y01014,229.6,20
692,KOTHARIPET,INE720A01015,116.25,21.81
693,DPWIRES,INE864X01013,641.15,20
694,APOLLOHOSP,INE437A01024,5006.3,10.74
695,IPL,INE0D6701023,285.6,20
696,NAHARPOLY,INE308A01027,252.9,20.51
697,KEC,INE389H01022,661.8,20
698,SAIL,INE114A01011,95.35,20
699,SPIC,INE147A01011,75.05,20.07
700,KSOLVES,INE0D6I01015,1046.25,100
701,MASFIN,INE348L01012,882.2,20
702,LICHSGFIN,INE115A01026,456.75,20
703,INDIGO,INE646L01027,2401.9,20
704,TATASTEEL,INE081A01020,128.3,11.95
705,NSIL,INE023A01030,2562.7,20
706,SGBMAY29I,IN0020210053,5895.65,10
707,IDBI,INE008A01015,70.7,20
708,WORTH,INE196Y01018,108.6,20
709,REPL,INE364Z01019,184.1,20
710,SGBJAN26,IN0020170166,5852,10
711,ZENSARTECH,INE520A01027,524.5,20
712,SUPERHOUSE,INE712B01010,215.9,20
713,AXISGOLD,INF846K01W80,50.65,20
714,SMSPHARMA,INE812G01025,122.2,20
715,FIEMIND,INE737H01014,1816.25,20
716,MEDPLUS,INE804L01022,799.4,20
717,CARYSIL,INE482D01024,632.9,20
718,YATHARTH,INE0JO301016,369.95,20
719,OSWALAGRO,INE142A01012,31.55,21.33
720,PIXTRANS,INE751B01018,1065.1,20
721,ANDHRSUGAR,INE715B01021,121.9,20
722,SHK,INE500L01026,157.55,20
723,NUVOCO,INE118D01016,365.35,20
724,CUB,INE491A01021,130.95,20
725,MEP,INE776I01010,11.95,23.55
726,AGSTRA,INE583L01014,61.35,20
727,FIVESTAR,INE128S01021,699.6,20
728,SAGCEM,INE229C01021,226.8,20
729,UTKARSHBNK,INE735W01017,51.35,20
730,JAYBARMARU,INE571B01028,275.15,20
731,MENONBE,INE071D01033,148.3,20
732,JINDWORLD,INE247D01039,370.2,20
733,RVNL,INE415G01027,163.45,23.4
734,SATIN,INE836B01017,248.75,20.19
735,DHANBANK,INE680A01011,29.6,20.34
736,SUMMITSEC,INE519C01017,937,20
737,BAJAJFINSV,INE918I01026,1553.35,10.87
738,AURUM,INE898S01029,125.65,20
739,NEULANDLAB,INE794A01010,3664.9,22.52
740,BEML,INE258A01016,2339.3,20
741,GPPL,INE517F01014,126.35,20
742,SUNDARMFIN,INE660A01013,2919.1,20
743,JINDALPOLY,INE197D01010,688.4,20
744,EBBETF0425,INF754K01LD3,1153.63,6
745,KUANTUM,INE529I01021,183.4,20
746,RBLBANK,INE976G01028,231.4,20
747,HEALTHY,INF209KB10C2,9.82,20
748,FINOPB,INE02NC01014,330.3,20
749,OLECTRA,INE260D01016,1223.2,22.96
750,APOLSINHOT,INE451F01024,1475,100
751,MINDACORP,INE842C01021,335.05,20
752,LUMAXIND,INE162B01018,2434.35,20
753,VINATIORGA,INE410B01037,1877.6,20
754,RELIANCE,INE002A01018,2382.15,9
755,IMAGICAA,INE172N01012,53.6,25.39
756,ANURAS,INE930P01018,924.7,20
757,AHLUCONT,INE758C01029,713.3,20
758,TTL,INE592B01016,96.35,20
759,TALBROAUTO,INE187D01011,945.55,20
760,DEEPAKFERT,INE501A01019,625.1,20
761,HAPPSTMNDS,INE419U01012,924.1,20
762,UNIPARTS,INE244O01017,591.15,20
763,SFL,INE916U01025,1168.65,20
764,IWEL,INE0FLR01028,2531.35,20
765,JOCIL,INE839G01010,200.6,20
766,SUVENPHAR,INE03QK01018,543.35,20
767,KOTAKBANK,INE237A01028,1789.45,9
768,MOLDTECH,INE835B01035,363.65,26.4
769,INFY,INE009A01021,1490.25,9.99
770,GNA,INE934S01014,461.4,20
771,LIQUID,INF769K01KS1,1000,20
772,MOQUALITY,INF247L01BH8,139.07,20
773,RAMCOIND,INE614A01028,179.7,20
774,MAGADSUGAR,INE347W01011,707.6,22.2
775,IFBIND,INE559A01017,935.85,20
776,MANAKALUCO,INE859Q01017,26.75,22.41
777,SHAREINDIA,INE932X01018,1335.55,20
778,DHANUKA,INE435G01025,835.15,20
779,SHANKARA,INE274V01019,738.7,20
780,ICICICONSU,INF109KC1V42,87.01,20
781,LATENTVIEW,INE0I7C01011,419.75,20
782,VARROC,INE665L01035,493.9,20
783,UDAICEMENT,INE225C01029,31.35,20
784,KANSAINER,INE531A01024,326.35,20
785,MOKSH,INE514Y01020,18.15,21.32
786,SBIN,INE062A01020,601.1,9.46
787,ICICIGOLD,INF109KC1NT3,51.86,20
788,DELTACORP,INE124G01033,176.85,20
789,LINDEINDIA,INE473A01011,5927.75,20
790,INDIANCARD,INE061A01014,257.45,20
791,AXISBNKETF,INF846K01X63,461.79,20
792,CAMLINFINE,INE052I01032,165.85,20
793,PRESTIGE,INE811K01011,602.55,20
794,DICIND,INE303A01010,446.65,20
795,GRASIM,INE047A01021,1944.7,9
796,NHPC,INE848E01016,55.5,20
797,SHILPAMED,INE790G01031,353.7,20
798,ARIHANTCAP,INE420B01036,68.2,22.54
799,INTLCONV,INE575C01027,84.45,20
800,DYNPRO,INE256H01015,361.6,21.32
801,NGLFINE,INE887E01022,1962.3,20
802,TECHM,INE669C01036,1274.35,10.65
803,SGBDEC2513,IN0020170158,5900,10
804,REDINGTON,INE891D01026,157.35,20
805,TAINWALCHM,INE123C01018,127.7,23.08
806,ALKEM,INE540L01014,3685.25,20
807,TNPL,INE107A01015,265.25,20
808,NTPC,INE733E01010,241.75,9.14
809,ICICIALPLV,INF109KC1N59,204.37,20
810,PIDILITIND,INE318A01026,2499.2,20
811,HERITGFOOD,INE978A01027,238.1,20
812,RENUKA,INE087H01022,55.1,20.54
813,GANECOS,INE845D01014,983.7,20
814,NEXT50,INF769K01FN2,462.28,20
815,JINDALSAW,INE324A01024,354.4,22.58
816,NECLIFE,INE023H01027,25.05,20.42
817,LICI,INE0J1Y01017,655.65,20
818,IBULHSGFIN,INE148I01020,199.1,22.06
819,UNIENTER,INE037A01022,160.55,20
820,PPLPHARMA,INE0DK501011,99.75,20
821,BLAL,INE0N7W01012,170.15,20
822,HDFCMID150,INF179KC1FA4,151.28,6.2
823,CENTUM,INE320B01020,1486.75,100
824,JBCHEPHARM,INE572A01036,1478.65,20
825,PAKKA,INE551D01018,220.85,20
826,ASTEC,INE563J01010,1342.25,20
827,PRAKASHSTL,INE696K01024,6.3,100
828,SUNFLAG,INE947A01014,201.4,22.5
829,MITCON,INE828O01033,78.6,20.41
830,HMVL,INE871K01015,70.25,100
831,SAKHTISUG,INE623A01011,33.6,24.37
832,LINCOLN,INE405C01035,499.95,20
833,SGBNOV26,IN0020180314,5890,10
834,SGBSEP28VI,IN0020200195,5874.46,10
835,RELAXO,INE131B01039,900.2,20
836,SGBDEC25,IN0020170125,5999,10
837,JAMNAAUTO,INE039C01032,120.9,20
838,HINDWAREAP,INE05AN01011,572.6,20.53
839,RAMRAT,INE207E01023,280.65,20
840,KABRAEXTRU,INE900B01029,458.75,20.67
841,MANGLMCEM,INE347A01017,368.5,20
842,SARVESHWAR,INE324X01026,5,100
843,CMSINFO,INE925R01014,351.2,20
844,SASTASUNDR,INE019J01013,278.8,20
845,INFRABEES,INF732E01268,646.48,20
846,ARVINDFASN,INE955V01021,324.05,20
847,JAICORPLTD,INE070D01027,204.1,20.64
848,SBICARD,INE018E01016,811.2,20
849,JINDRILL,INE742C01031,551.55,21.85
850,TEGA,INE011K01018,970.05,20
851,PHOENIXLTD,INE211B01039,1829.5,20
852,VLSFINANCE,INE709A01018,200.95,20
853,AUROPHARMA,INE406A01037,890,20
854,HINDMOTORS,INE253A01025,15.9,20
855,CERA,INE739E01017,8671.7,20
856,KOTAKMID50,INF174KA1IB3,117.4,7.38
857,BBETF0432,INF754K01OB1,1086.45,6
858,BFSI,INF769K01HI8,20.44,20
859,GATEWAY,INE079J01017,86.45,20
860,CELEBRITY,INE185H01016,17.65,23.91
861,SUPRAJIT,INE399C01030,414.85,20
862,INDNIPPON,INE092B01025,514.05,20
863,ORIENTPPR,INE592A01026,52.55,20
864,HINDUNILVR,INE030A01027,2466.85,9
865,LUPIN,INE326A01037,1149.55,20
866,TIRUMALCHM,INE338A01024,218.4,20
867,JSWISPL,INE743C01021,39,20
868,HERCULES,INE688E01024,315.95,20
869,ITBEES,INF204KB15V2,34.6,20
870,VRLLOG,INE366I01010,712.6,20
871,SETFGOLD,INF200KA16D8,51.91,20
872,AURIONPRO,INE132H01018,1225.1,100
873,MIDCAPETF,INF769K01IC9,15.23,20
874,AHLADA,INE00PV01013,101.15,20
875,DPABHUSHAN,INE266Y01019,533.2,20.39
876,SUDARSCHEM,INE659A01023,472.65,20
877,NUCLEUS,INE096B01018,996.8,22.64
878,AAKASH,INE087Z01024,6,100
879,BSLSENETFG,INF209KB10E8,65.37,6
880,LAURUSLABS,INE947Q01028,395.1,20
881,SUPREMEIND,INE195A01028,4169.8,20
882,TEMBO,INE869Y01010,229.75,20
883,LTIM,INE214T01019,5473.45,11.65
884,AMARAJABAT,INE885A01032,643.3,20
885,IBREALEST,INE069I01010,79.9,23.63
886,KAMDHENU,INE390H01012,293.35,20
887,KSB,INE999A01015,2750.1,20
888,SYMPHONY,INE225D01027,897.35,20
889,ATFL,INE209A01019,810.9,20
890,ARTEMISMED,INE025R01021,138.9,20.29
891,SGBOCT26,IN0020180249,5900,10
892,HINDOILEXP,INE345A01011,164.9,21.42
893,MON100,INF247L01AP3,123.47,7.39
894,VIPIND,INE054A01027,664.6,20
895,SUPRIYA,INE07RO01027,283.1,20
896,PTC,INE877F01012,138.55,20
897,KHADIM,INE834I01025,265.05,20
898,HDFCAMC,INE127D01025,2684.05,20
899,JUSTDIAL,INE599M01018,704.15,20
900,TATAMTRDVR,IN9155A01020,430.6,20
901,LICMFGOLD,INF397L01554,5411.25,20
902,ACE,INE731H01025,692.05,20
903,PTCIL,INE596F01018,5744.5,20
904,THOMASCOOK,INE332A01027,119.6,100
905,SGBJ28VIII,IN0020190537,5851,10
906,LIQUIDETF,INF740KA1EU7,1000,10
907,VIKASECO,INE806A01020,4.05,100
908,UJJIVANSFB,INE551W01018,49.35,20
909,GOLDIAM,INE025B01025,127.8,20
910,EMAMIPAP,INE830C01026,137.85,20
911,KALYANKJIL,INE303R01014,219.15,20
912,LIBAS,INE908V01012,13.35,20.93
913,SYRMA,INE0DYJ01015,520.15,20
914,HDFCNEXT50,INF179KC1DA9,458.5,8.16
915,SPANDANA,INE572J01011,780.45,20
916,LICNFNHGP,INF767K01PC8,212.99,6.65
917,BALRAMCHIN,INE119A01028,440.75,20
918,PATELENG,INE244B01030,53.4,24.09
919,BPL,INE110A01019,80.55,21.82
920,GPTINFRA,INE390G01014,91.1,100
921,SHIVATEX,INE705C01020,142.4,21.95
922,TATAELXSI,INE670A01012,7301.9,20
923,MIRCELECTR,INE831A01028,22,100
924,SGBMAR31IV,IN0020220169,5906.78,10
925,DBL,INE917M01012,305.5,20
926,URJA,INE550C01020,9.9,22.73
927,SGBJAN30IX,IN0020210236,5930.33,10
928,AARTISURF,INE09EO01013,641.9,20
929,XPROINDIA,INE445C01015,1005.5,21.04
930,SIS,INE285J01028,430.55,20
931,ICICILIQ,INF109KC1KT9,1000,10
932,EXCELINDUS,INE369A01029,893,20
933,PNBHOUSING,INE572E01012,674.5,20
934,JISLDVREQS,IN9175A01010,30.4,100
935,NDTV,INE155G01029,216.7,23.1
936,LIKHITHA,INE060901027,307,20
937,PSUBNKBEES,INF204KB16I7,57.38,20
938,ADANIPORTS,INE742F01042,818.05,17.11
939,NIF100BEES,INF204K014N5,207.36,6
940,HINDZINC,INE267A01025,315.6,20
941,NYKAA,INE388Y01029,145.6,20
942,CENTEXT,INE281A01026,18.5,100
943,JISLJALEQS,INE175A01038,62.25,21.77
944,J&KBANK,INE168A01041,107.15,21.09
945,PENIND,INE932A01024,108.95,22.58
946,KOTAKNIFTY,INF174K014P6,214.17,6
947,SGBSEP29VI,IN0020210145,5910,10
948,PSB,INE608A01012,47.55,21.68
949,VIJAYA,INE043W01024,477,20
950,BANCOINDIA,INE213C01025,460.3,20
951,BANARBEADS,INE655B01011,89.3,20
952,METROPOLIS,INE112L01020,1463.25,20
953,AKZOINDIA,INE133A01011,2521.1,20
954,BALAJITELE,INE794B01026,64.95,20
955,OMAXE,INE800H01010,44.2,20
956,BSLNIFTY,INF209KB19D1,22.6,6
957,TTKPRESTIG,INE690A01028,794.25,20
958,HGINFRA,INE926X01010,960.2,20
959,PCBL,INE602A01031,164.2,20
960,INDBANK,INE841B01017,40.45,100
961,TATACOMM,INE151A01013,1885.7,20
962,AGRITECH,INE449G01018,194.2,100
963,PITTIENG,INE450D01021,593.45,20.36
964,SMCGLOBAL,INE103C01036,78.7,20
965,DATAPATTNS,INE0IX101010,2074.3,20
966,MMFL,INE227C01017,895.3,20
967,ORIENTHOT,INE750A01020,86.15,20
968,KIMS,INE967H01017,1957.85,20
969,SUVEN,INE495B01038,74.2,20
970,NRAIL,INE740D01017,362.65,20
971,SILVERETF,INF789F1AYK6,72.11,20
972,RAINBOW,INE961O01016,1035.15,20
973,AXISBPSETF,INF846K01Z04,11.19,20
974,ICICIAUTO,INF109KC1Y49,167.37,20
975,TEXRAIL,INE621L01012,132.65,23.39
976,SUNDRMFAST,INE387A01021,1217.1,20
977,ASHOKLEY,INE208A01029,182.25,20
978,HDFCNIFTY,INF179KC1965,217.66,6
979,AKSHARCHEM,INE542B01011,304.7,20
980,KOTAKBKETF,INF174K01F59,463.62,20
981,AMBER,INE371P01015,2967.65,20
982,NITCO,INE858F01012,19.05,20.62
983,VESUVIUS,INE386A01015,3080.85,20
984,GSPL,INE246F01010,287.7,20
985,SAKAR,INE732S01012,321.15,23.47
986,KOTAKIT,INF174KA1GC5,34.35,20
987,LOVABLE,INE597L01014,132.55,20
988,SGBDC27VII,IN0020190461,5900,10
989,CHEVIOT,INE974B01016,1179.2,20
990,TATAMOTORS,INE155A01022,638.5,12.31
991,HLEGLAS,INE461D01028,579.6,20
992,THYROCARE,INE594H01019,574.3,20
993,SGBNOV25IX,IN0020170117,5899.99,10
994,COMPINFO,INE070C01037,12.65,22.01
995,RADHIKAJWE,INE583V01021,38.3,20
996,NIFTYQLITY,INF209KB15K4,16.78,20
997,FORCEMOT,INE451A01017,3703,20
998,HESTERBIO,INE782E01017,1689.15,20
999,WINDLAS,INE0H5O01029,351.3,20
1000,BATAINDIA,INE176A01028,1668,20
1001,BDL,INE171Z01018,1041.5,20
1002,INFIBEAM,INE483S01020,17.7,20
1003,ORIENTELEC,INE142Z01019,215.35,20
1004,TNPETRO,INE148A01019,92.3,20
1005,SPENCERS,INE020801028,71.75,20
1006,DCM,INE498A01018,72.7,20.89
1007,CSBBANK,INE679A01013,327.75,20
1008,HILTON,INE788H01017,163.75,20
1009,MOLDTKPAC,INE893J01029,927.1,20
1010,JKCEMENT,INE823G01014,3218.6,20
1011,UTISXN50,INF789F1AUU3,60.33,9.07
1012,PILANIINVS,INE417C01014,2185.3,20
1013,WABAG,INE956G01038,465.7,20
1014,AVANTIFEED,INE871C01038,443.9,20
1015,COSMOFIRST,INE757A01017,699.75,20
1016,AKSHOPTFBR,INE523B01011,11.2,23.18
1017,UTISENSETF,INF789FB1X58,718.27,6.68
1018,ASHOKA,INE442H01029,106,20
1019,RATNAMANI,INE703B01027,2658.65,20
1020,POLYMED,INE205C01021,1429.1,20
1021,COROMANDEL,INE169A01031,1091.1,20
1022,CIEINDIA,INE536H01010,491.3,20
1023,SGBDEC26,IN0020180389,5840.64,10
1024,SURYAROSNI,INE335A01012,1010.55,20
1025,GLENMARK,INE935A01035,856.6,20
1026,LT,INE018A01030,2890,9
1027,ICICILOVOL,INF109KB10T8,165.76,20
1028,STARHEALTH,INE575P01011,625.2,20
1029,UTINEXT50,INF789F1AUW9,48.26,8.85
1030,TVSSRICHAK,INE421C01016,3007.45,20
1031,AXISBANK,INE238A01034,1027.3,9.34
1032,BGRENERGY,INE661I01014,70.9,20
1033,MAHASTEEL,INE451L01014,68.7,100
1034,TRACXN,INE0HMF01019,74,20
1035,RAILTEL,INE0DD101019,219.2,20
1036,ACCELYA,INE793A01012,1518.8,20
1037,BSLGOLDETF,INF209KB18D3,53.38,20
1038,COASTCORP,INE377E01016,264.65,20.81
1039,DYCL,INE600Y01019,478.9,100
1040,ADSL,INE102I01027,133.15,22.05
1041,JSWENERGY,INE121E01018,407.5,20
1042,BARBEQUE,INE382M01027,735.2,20
1043,VISAKAIND,INE392A01021,87.75,20
1044,TNIDETF,INF277KA1364,67,20
1045,KRISHANA,INE506W01012,436,20
1046,ELECTCAST,INE086A01029,65.3,20
1047,SUNDARMHLD,INE202Z01029,118,20
1048,VETO,INE918N01018,133.6,20
1049,SMLISUZU,INE294B01019,1186.2,20
1050,CAPACITE,INE264T01014,217,20.65
1051,BSE,INE118H01025,1201.5,20
1052,AJMERA,INE298G01027,369.7,20
1053,IPCALAB,INE571A01038,913.25,20
1054,FDC,INE258B01022,362.5,20
1055,INSECTICID,INE070I01018,470,20
1056,TASTYBITE,INE488B01017,16149.65,20
1057,GREENLAM,INE544R01021,459.05,20
1058,AEGISCHEM,INE208C01025,332.05,20
1059,VARDHACRLC,INE116G01013,53.55,20
1060,CENTRALBK,INE483A01010,48.95,20
1061,KIOCL,INE880L01014,306.15,22.8
1062,DBREALTY,INE879I01012,172.75,27.88
1063,HINDPETRO,INE094A01015,257.8,20
1064,NDL,INE875G01030,24.05,21.06
1065,KCPSUGIND,INE790B01024,36.35,20.57
1066,AVG,INE680Z01018,272.4,20
1067,BAJFINANCE,INE296A01024,7539,11.03
1068,NLCINDIA,INE589A01014,133.1,20
1069,NV20BEES,INF204KB18I3,119.48,20
1070,LTGILTBEES,INF204KB1882,24.41,10
1071,KESORAMIND,INE087A01019,87.8,100
1072,INGERRAND,INE177A01018,3059.9,20
1073,GENSOL,INE06H201014,1868.7,20
1074,ABBOTINDIA,INE358A01014,23191.5,20
1075,PARADEEP,INE088F01024,73.7,20
1076,ONMOBILE,INE809I01019,110.9,22.07
1077,ICICIBANKP,INF109KC1E35,233.83,20
1078,BRNL,INE727S01012,40.45,21.28
1079,POCL,INE063E01046,460.25,20
1080,UNIVCABLES,INE279A01012,475.6,23.52
1081,HEUBACHIND,INE492A01029,502.75,20
1082,MANAKSTEEL,INE824Q01011,47.85,22.21
1083,DEN,INE947J01015,51.15,20
1084,SCI,INE109A01011,145.85,20
1085,AVALON,INE0LCL01028,574.75,20
1086,ENIL,INE265F01028,146.9,20
1087,RUPA,INE895B01021,266.5,20
1088,IOC,INE242A01010,91.85,20
1089,GENCON,INE854S01022,45.3,100
1090,KANPRPLA,INE694E01014,116.3,20
1091,OBEROIRLTY,INE093I01010,1142.95,20
1092,ADFFOODS,INE982B01027,230.25,20
1093,STEL,INE577L01016,219.25,100
1094,BALKRISIND,INE787D01026,2550.3,20
1095,IEX,INE022Q01020,133,20
1096,SPORTKING,INE885H01011,810.1,20
1097,UNIDT,INE961D01019,254,20
1098,DSPGOLDETF,INF740KA1SW3,58.9,20
1099,ENDURANCE,INE913H01037,1613.6,20
1100,MIDHANI,INE099Z01011,413,20
1101,PAR,INE04LG01015,185.1,100
1102,DREAMFOLKS,INE0JS101016,482.55,20
1103,ZOTA,INE358U01012,387.75,20
1104,ANUP,INE294Z01018,2091.6,20
1105,PTL,INE034D01049,42,20
1106,ELIN,INE050401020,165.55,20
1107,KOTAKALPHA,INF174KA1IA5,34.71,20
1108,RTNPOWER,INE399K01017,7.25,24.4
1109,INDHOTEL,INE053A01029,418,20
1110,GANDHITUBE,INE524B01027,673.95,20
1111,PDMJEPAPER,INE865T01018,51.7,20
1112,HIMATSEIDE,INE049A01027,140.2,20
1113,AUTOBEES,INF204KC1337,167.62,20
1114,GENESYS,INE727B01026,366.85,22.09
1115,PNB,INE160A01022,76.45,20
1116,ISGEC,INE858B01029,720.6,20
1117,BIOFILCHEM,INE829A01014,49.7,20
1118,SEAMECLTD,INE497B01018,628.6,21.3
1119,FSL,INE684F01012,163.75,20
1120,NIPPOBATRY,INE567A01028,455.1,100
1121,HARIOMPIPE,INE00EV01017,576.3,20
1122,ULTRACEMCO,INE481G01011,8458.15,9
1123,ASTRAZEN,INE203A01020,4505,20
1124,TECH,INF209KB11D8,33.81,20
1125,PRINCEPIPE,INE689W01016,706.9,20
1126,BANKBARODA,INE028A01039,213.45,20
1127,PDSL,INE111Q01021,439.05,20
1128,CENTENKA,INE485A01015,427.7,20
1129,DSPQ50ETF,INF740KA1QL0,193.34,20
1130,ICICIGI,INE765G01017,1375.4,20
1131,GHCL,INE539A01019,622.1,20
1132,ICICINXT50,INF109KC1NS5,47.24,6.26
1133,QNIFTY,INF082J01028,2127.86,6
1134,SUNPHARMA,INE044A01036,1153.15,9
1135,GUJAPOLLO,INE826C01016,221.55,100
1136,QGOLDHALF,INF082J01408,50.19,20
1137,RAMCOCEM,INE331A01037,874.5,20
1138,TIIL,INE545H01011,2058.3,23.61
1139,PPL,INE050001010,259.75,20
1140,GLAND,INE068V01023,1680.9,20.54
1141,BEL,INE263A01024,136.9,20
1142,SAKSOFT,INE667G01023,329.8,21.6
1143,HONDAPOWER,INE634A01018,2689.85,20
1144,BLKASHYAP,INE350H01032,54.3,20
1145,SEMAC,INE617A01013,1950.45,100
1146,SKIPPER,INE439E01022,220.15,26.26
1147,SGBNOV23,IN0020150085,5935,10
1148,FUSION,INE139R01012,601.6,20
1149,MAHESHWARI,INE263W01010,71.25,100
1150,RKEC,INE786W01010,66.75,26.79
1151,CONCOR,INE111A01025,742.2,20
1152,SWARAJENG,INE277A01016,2001.35,20
1153,SGBDEC25XI,IN0020170133,5988,10
1154,UGROCAP,INE583D01011,296.75,20
1155,SCPL,INE501Y01019,408.35,100
1156,GAIL,INE129A01019,123.55,20
1157,HPAL,INE0GSL01016,470.15,20
1158,AVADHSUGAR,INE349W01017,684.7,20
1159,PURVA,INE323I01011,108.15,20
1160,ICICIM150,INF109KC1G82,154.26,6.17
1161,LSIL,INE093R01011,43.15,100
1162,SMSLIFE,INE320X01016,521.2,20
1163,FAIRCHEMOR,INE0DNW01011,1134.1,20
1164,PATANJALI,INE619A01035,1299.25,100
1165,CREDITACC,INE741K01010,1348.5,20
1166,INDOAMIN,INE760F01028,124.25,21.53
1167,DELHIVERY,INE148O01028,430.95,20
1168,ABFRL,INE647O01011,222.3,20
1169,SYNCOMF,INE312C01025,8.6,20
1170,LICNETFN50,INF767K01OS7,216.82,6.14
1171,FINPIPE,INE183A01024,226.9,20
1172,SGBJU29III,IN0020210087,5890,10
1173,VSSL,INE050M01012,206.4,20
1174,IOB,INE565A01014,43.85,21.65
1175,AMBIKCO,INE540G01014,1618.8,20
1176,TMB,INE668A01016,546.65,20
1177,SCHAEFFLER,INE513A01022,3179.55,20
1178,DEVIT,INE060X01026,142.45,100
1179,VIKASLIFE,INE161L01027,5.6,26.32
1180,JTEKTINDIA,INE643A01035,143.35,20
1181,BUTTERFLY,INE295F01017,1250.8,20
1182,ICICIPRULI,INE726G01019,588.2,20
1183,GRWRHITECH,INE291A01017,1257.55,20
1184,ORIENTCER,INE569C01020,37.45,100
1185,QUICKHEAL,INE306L01010,218,20
1186,CHOICEIN,INE102B01014,407.7,20
1187,HATSUN,INE473B01035,1174.65,20
1188,ISEC,INE763G01038,633.6,20
1189,SUZLON,INE040H01021,25.85,26.05
1190,ABCAPITAL,INE674K01013,180.15,20
1191,PRECWIRE,INE372C01037,123.75,21.19
1192,UTIAMC,INE094J01016,795.2,20
1193,ASALCBR,INE073G01016,431.1,20
1194,BHARATRAS,INE838B01013,9142.4,20
1195,TIMETECHNO,INE508G01029,156.15,20
1196,SIMBHALS,INE748T01016,29,23.77
1197,NILAINFRA,INE937C01029,7.05,100
1198,BAJAJCON,INE933K01021,229.9,20
1199,GLOBUSSPR,INE615I01010,887.3,20
1200,MANINFRA,INE949H01023,145.15,20
1201,DIXON,INE935N01020,4877.55,20
1202,GOCLCORP,INE077F01035,417.8,20
1203,20MICRONS,INE144J01027,124.35,100
1204,MPSLTD,INE943D01017,1524.85,22.74
1205,THEMISMED,INE083B01016,1714.5,20
1206,MSUMI,INE0FS801015,64.9,20
1207,CYIENT,INE136B01020,1614.35,20
1208,SBGLP,INE05ST01010,340.95,20
1209,SGBMAY28,IN0020200088,5897,10
1210,AMRUTANJAN,INE098F01031,629.65,20
1211,KOTAKLOVOL,INF174KA1IY5,15.53,20
1212,GRAUWEIL,INE266D01021,127.55,20
1213,NATIONALUM,INE139A01034,95.05,20
1214,KSCL,INE455I01029,624.65,20
1215,BHARTIARTL,INE397D01024,910.7,9
1216,DALBHARAT,INE00R701025,2314.65,20
1217,BEPL,INE922A01025,90.05,20
1218,DALMIASUG,INE495A01022,448,20
1219,BCLIND,INE412G01016,546.85,20
1220,SILVER,INF209KB19F6,73.74,20
1221,STAR,INE939A01011,488.05,20
1222,SGIL,INE00QT01015,218.45,100
1223,RPOWER,INE614G01033,19.05,24.21
1224,ZEEMEDIA,INE966H01019,11.9,24.91
1225,NCLIND,INE732C01016,221.55,20
1226,BAJAJHCARE,INE411U01027,428.6,20
1227,LANDMARK,INE559R01029,807.65,20
1228,IVZINGOLD,INF205K01361,5267.95,20
1229,MHLXMIRU,INE112D01035,165.6,100
1230,3IINFOLTD,INE748C01038,38.3,20
1231,PRAJIND,INE074A01025,575.05,20
1232,KAKATCEM,INE437B01014,226,20
1233,MRPL,INE103A01014,95.6,20
1234,COCHINSHIP,INE704P01017,1066.15,21.1
1235,RANEHOLDIN,INE384A01010,1190.4,20
1236,DCW,INE500A01029,56.7,20
1237,BHARATFORG,INE465A01025,1128.25,20
1238,HARSHA,INE0JUS01029,428.45,20
1239,VEDL,INE205A01025,231.8,20
1240,POKARNA,INE637C01025,495.15,23.24
1241,WONDERLA,INE066O01014,623.3,20
1242,AMBUJACEM,INE079A01024,428.15,20
1243,GET&D,INE200A01026,410.3,20.98
1244,SANGAMIND,INE495C01010,335.7,21.3
1245,VOLTAS,INE226A01021,871.75,20
1246,SBIETFPB,INF200KA1S22,236.84,20
1247,GENUSPAPER,INE949P01018,19.45,21.09
1248,BIGBLOC,INE412U01025,168.85,21.85
1249,HCG,INE075I01017,353.75,20
1250,EDELWEISS,INE532F01054,53.45,20
1251,VBL,INE200M01021,904.65,20
1252,NAM-INDIA,INE298J01013,327.65,20
1253,CANFINHOME,INE477A01020,771.5,20
1254,TATAINVEST,INE672A01018,2735.2,20
1255,PARAS,INE045601015,741.6,20
1256,MAPMYINDIA,INE0BV301023,1722.15,20
1257,DLF,INE271C01023,522.35,20
1258,ICRA,INE725G01011,5636.75,20
1259,CARBORUNIV,INE120A01034,1161.35,20
1260,MSPL,INE752G01015,13,100
1261,NESCO,INE317F01035,700.1,20
1262,GOLDETF,INF769K01JP9,59.4,20
1263,SBIETFQLTY,INF200KA1WX6,175.61,20
1264,SRHHYPOLTD,INE917H01012,613.15,23.67
1265,SGBJUN27,IN0020190073,5862,10
1266,MAHSEAMLES,INE271B01025,561.45,20
1267,BALAMINES,INE050E01027,2248.6,20
1268,NAVINFLUOR,INE048G01026,4515.35,20
1269,HERANBA,INE694N01015,375.9,20
1270,ATALREAL,INE0ALR01011,82.8,100
1271,INDSWFTLAB,INE915B01019,88.3,24.69
1272,SGBJUL29IV,IN0020210111,5908.23,10
1273,RAMCOSYS,INE246B01019,310.85,20.18
1274,JMFINANCIL,INE780C01023,84.45,20
1275,BYKE,INE319B01014,38.75,20
1276,STEELCAS,INE124E01020,711.45,20
1277,LALPATHLAB,INE600L01024,2415.4,20
1278,JKPAPER,INE789E01012,389.6,20
1279,INDIACEM,INE383A01012,238.9,20
1280,GENUSPOWER,INE955D01029,254.4,22.6
1281,GPIL,INE177H01021,616.25,20
1282,BLUEDART,INE233B01017,6801.75,20
1283,TATAMETALI,INE056C01010,959.5,20
1284,SIGACHI,INE0D0K01014,383.3,20
1285,CAREERP,INE521J01018,198.25,100
1286,RELIGARE,INE621H01010,263.55,20
1287,HITECH,INE106T01025,87,20
1288,ICICICOMMO,INF109KC19O8,65.38,20
1289,PIONEEREMB,INE156C01018,49.6,20
1290,APTECHT,INE266F01018,293.4,20
1291,MOM100,INF247L01023,43.18,6.19
1292,KOLTEPATIL,INE094I01018,433.8,20
1293,TOTAL,INE336X01012,132.8,21.01
1294,CHEMBOND,INE995D01025,373.05,20
1295,RALLIS,INE613A01020,227.05,20
1296,DSPBANKETF,INF740KA1RX3,45.81,20
1297,MBAPL,INE900L01010,613.4,20
1298,GOODYEAR,INE533A01012,1304.65,20
1299,EMIL,INE02YR01019,143.65,100
1300,FINEORG,INE686Y01026,5104.9,20
1301,CIPLA,INE059A01026,1239.7,9
1302,LXCHEM,INE576O01020,288.45,20
1303,ANIKINDS,INE087B01017,38.65,100
1304,GREENPLY,INE461C01038,160.85,20
1305,SOMANYCERA,INE355A01028,693.3,20
1306,KINGFA,INE473D01015,2294.6,20
1307,KITEX,INE602G01020,197.25,20
1308,TEJASNET,INE010J01012,843.15,20
1309,MANAPPURAM,INE522D01027,139.7,20
1310,STLTECH,INE089C01029,163.55,20
1311,MAFANG,INF769K01HF4,63.75,20
1312,ZIMLAB,INE518E01015,118.9,20
1313,TCS,INE467B01029,3606.05,9
1314,EIDPARRY,INE126A01031,540.25,20
1315,NRL,INE0JM501013,90.55,20
1316,OSWALSEEDS,INE00IK01029,69.05,20
1317,DONEAR,INE668D01028,103.25,23.19
1318,PNBGILTS,INE859A01011,65.85,20
1319,LLOYDSME,INE281B01032,553.15,20
1320,KOTAKSILVE,INF174KA1KU9,71.79,20
1321,DWARKESH,INE366A01041,101.9,20
1322,ICICIINFRA,INF109KC16E5,63.36,20
1323,HUDCO,INE031A01017,73.7,20
1324,SGBFEB28IX,IN0020190545,5878,10
1325,POWERMECH,INE211R01019,4240.1,20
1326,TEXMOPIPES,INE141K01013,68.15,100
1327,NETWEB,INE0NT901020,811.15,20
1328,SHALPAINTS,INE849C01026,156.9,20
1329,IDFCFIRSTB,INE092T01019,93.6,20
1330,ROSSELLIND,INE847C01020,490.8,24.83
1331,WATERBASE,INE054C01015,83.2,20
1332,BAJAJ-AUTO,INE917I01010,5182.95,9
1333,WELENT,INE625G01013,285.95,20
1334,GLOBALVECT,INE792H01019,77.65,100
1335,PRICOLLTD,INE726V01018,329.35,20
1336,JKLAKSHMI,INE786A01032,647.95,20
1337,PRSMJOHNSN,INE010A01011,128.75,20
1338,CIGNITITEC,INE675C01017,803.6,20
1339,GRAVITA,INE024L01027,819.75,20
1340,BHEL,INE257A01026,123.6,20
1341,RPPL,INE760W01015,170.85,20
1342,HLVLTD,INE102A01024,19.5,24
1343,USHAMART,INE228A01035,335.15,20
1344,BOSCHLTD,INE323A01026,19315.4,20
1345,BIKAJI,INE00E101023,487,20
1346,SECURCRED,INE195Y01010,18.45,22.58
1347,DVL,INE477B01010,267.35,20
1348,RATEGAIN,INE0CLI01024,551.85,20
1349,HDFCQUAL,INF179KC1DL6,45.89,20
1350,CINELINE,INE704H01022,110,100
1351,RHL,INE508K01013,107.2,20
1352,CUPID,INE509F01011,393.55,20
1353,MAHSCOOTER,INE288A01013,7570.35,20
1354,DABUR,INE016A01026,561.15,20
1355,CHENNPETRO,INE178A01016,536.85,21.24
1356,AGARIND,INE204E01012,890.1,21.24
1357,EQUITASBNK,INE063P01018,83.85,20
1358,HDFCGROWTH,INF179KC1DJ0,100.99,20
1359,TAKE,INE142I01023,22.8,100
1360,ISFT,INE566K01011,147.6,21.7
1361,SPAL,INE212I01016,510.8,20
1362,LYKALABS,INE933A01014,111.35,20
1363,SURANASOL,INE272L01022,24.15,100
1364,KRBL,INE001B01026,413.8,20
1365,ICICINF100,INF109KA1962,217.99,6
1366,UMAEXPORTS,INE0GIU01018,47.25,100
1367,MAHKTECH,INF769K01HS7,14.35,20
1368,NIFTYBEES,INF204KB14I2,219.6,6
1369,SATIA,INE170E01023,133.75,20
1370,CPSEETF,INF457M01133,53.12,20
1371,LOWVOL,INF769K01JU9,153.56,20
1372,DOLATALGO,INE966A01022,47.9,20
1373,BANKA,INE862Y01015,72.35,20
1374,INTENTECH,INE781A01025,85.25,20.48
1375,KEI,INE878B01027,2597.9,20
1376,FIBERWEB,INE296C01020,31.45,20
1377,DODLA,INE021O01019,657.65,20
1378,UMANGDAIRY,INE864B01027,69.55,20
1379,ALPA,INE385I01010,72.25,21
1380,SGBNOV24,IN0020160076,5919.11,10
1381,VMART,INE665J01013,2077.85,20
1382,MARATHON,INE182D01020,446.9,20
1383,ALICON,INE062D01024,854.8,20
1384,JUBLFOOD,INE797F01020,533.8,20
1385,MCDOWELL-N,INE854D01024,1038.7,20
1386,SBILIFE,INE123W01016,1345.2,9
1387,AXISNIFTY,INF846K01W98,213.71,6
1388,SOLARINDS,INE343H01029,4597.8,20
1389,PARAGMILK,INE883N01014,203.9,20.14
1390,ZEEL,INE256A01028,264.6,20
1391,SONATSOFTW,INE269A01021,1079.5,20
1392,MAHLOG,INE766P01016,402.55,20
1393,CCL,INE421D01022,626.35,20
1394,DANGEE,INE688Y01022,10.75,22.4
1395,OFSS,INE881D01027,4220.85,20
1396,BSL,INE594B01012,170.95,100
1397,TBZ,INE760L01018,110.8,20
1398,JBMA,INE927D01044,1466.95,100
1399,BESTAGRO,INE052T01013,1163.5,20
1400,HEMIPROP,INE0AJG01018,120.35,20
1401,GOACARBON,INE426D01013,521.35,20.19
1402,CUMMINSIND,INE298A01020,1728.35,20
1403,GFLLIMITED,INE538A01037,88.15,20
1404,NBCC,INE095N01031,59.25,20
1405,REPCOHOME,INE612J01015,381.7,20
1406,AWHCL,INE01BK01022,319.45,20
1407,CAMS,INE596I01012,2544.85,20
1408,UJJIVAN,INE334L01012,503.95,20
1409,GUFICBIO,INE742B01025,285.35,20
1410,PSUBANKICI,INF109KC10S8,51.79,20
1411,MANGCHEFER,INE558B01017,106.15,20
1412,INDIGOPNTS,INE09VQ01012,1535.35,20
1413,SGBOC28VII,IN0020200203,5914.2,10
1414,NAZARA,INE418L01021,880.75,20
1415,HINDCOMPOS,INE310C01029,438.9,20
1416,STEELCITY,INE395H01011,63.95,20
1417,PREMEXPLN,INE863B01011,1028.6,100
1418,ZUARI,INE840M01016,158.2,20
1419,STYRENIX,INE189B01011,1084.75,20
1420,MAZDA,INE885E01034,1006.15,20
1421,MATRIMONY,INE866R01028,588.8,20
1422,MPHASIS,INE356A01018,2482.7,20
1423,ICICI500,INF109KC1V59,29.31,6
1424,JUBLINGREA,INE0BY001018,471.55,20
1425,KOTAKGOLD,INF174KA1HJ8,50.52,20
1426,CLEDUCATE,INE201M01029,72.4,20
1427,SGBAUG30,IN0020220078,5915.46,10
1428,SSWL,INE802C01033,256.95,20
1429,BBTC,INE050A01025,1174.8,20
1430,FOSECOIND,INE519A01011,3403.85,20
1431,GSS,INE871H01011,213.35,20
1432,NIFTYETF,INF769K01EG9,209.46,20
1433,MOMENTUM,INF209KB14K7,23.16,20
1434,SPLPETRO,INE663A01033,479.35,20
1435,ZOMATO,INE758T01015,100,20
1436,SHREEPUSHK,INE712K01011,212.05,20
1437,BAYERCROP,INE462A01022,5260.15,20
1438,GMBREW,INE075D01018,699.35,20
1439,HFCL,INE548A01028,73.9,20
1440,CRISIL,INE007A01025,3834.65,20
1441,HUHTAMAKI,INE275B01026,256.3,20
1442,GTL,INE043A01012,8.7,100
1443,POWERGRID,INE752E01010,204.65,9.78
1444,HPL,INE495S01016,217.9,24.11
1445,PAISALO,INE420C01059,62.75,20
1446,GESHIP,INE017A01032,817.05,20
1447,APOLLOTYRE,INE438A01022,378.95,20
1448,SREEL,INE099F01013,234.75,20
1449,ANANDRATHI,INE463V01026,1524.75,20
1450,TARMAT,INE924H01018,77.85,22.82
1451,SGBDEC2512,IN0020170141,5890,10
1452,EMUDHRA,INE01QM01018,475.6,20
1453,RITCO,INE01EG01016,240.35,100
1454,SUNTV,INE424H01027,593.7,20
1455,UTINIFTETF,INF789FB1X41,2134.95,6
1456,ARCHIDPLY,INE877I01016,67.05,100
1457,UNIVASTU,INE562X01013,95.3,22.33
1458,DBCORP,INE950I01011,239.1,20
1459,ANMOL,INE02AR01019,41.25,100
1460,ITDCEM,INE686A01026,219.85,20
1461,AROGRANITE,INE210C01013,57.85,20
1462,KIRIINDUS,INE415I01015,272.65,20
1463,EXPLEOSOL,INE201K01015,1421.9,20
1464,OAL,INE959C01023,370.4,20.62
1465,RHIM,INE743M01012,763.55,20
1466,GOCOLORS,INE0BJS01011,1339.3,20
1467,RELCHEMQ,INE750D01016,196.85,20
1468,LOKESHMACH,INE397H01017,186.95,100
1469,MANORG,INE370D01013,383.25,20
1470,ROUTE,INE450U01017,1578.3,20
1471,BAJAJHIND,INE306A01021,26.7,25.5
1472,AGI,INE415A01038,871.6,23.34
1473,HDFCNIFBAN,INF179KC1AN8,461.1,20
1474,BRIGADE,INE791I01019,585.7,20
1475,WEBELSOLAR,INE855C01015,143.7,20.49
1476,BIRLACABLE,INE800A01015,335.9,26.23
1477,GULFOILLUB,INE635Q01029,548.25,20
1478,NH,INE410P01011,1074.4,20
1479,MCLEODRUSS,INE942G01012,22,100
1480,NESTLEIND,INE239A01016,22680.25,9
1481,SGBMR29XII,IN0020200427,5871.61,10
1482,WOCKPHARMA,INE049B01025,240.4,20
1483,ICICIMOM30,INF109KC17C7,23.28,20
1484,SANGHVIMOV,INE989A01024,683.6,20.19
1485,UNITEDTEA,INE458F01011,320.4,20
1486,GILT5YBEES,INF204KC1030,53.05,10
1487,ASTRAMICRO,INE386C01029,410,20
1488,AGROPHOS,INE740V01019,37.15,24.86
1489,KIRLOSBROS,INE732A01036,851.45,20.69
1490,EKC,INE184H01027,127.95,22.9
1491,HMAAGRO,INE0ECP01016,790.25,20
1492,KENNAMET,INE717A01029,2742,20
1493,SHREDIGCEM,INE232A01011,89.25,20
1494,UNIONBANK,INE692A01016,99.6,20
1495,PRUDENT,INE00F201020,1165.55,20
1496,DLINKINDIA,INE250K01012,317.8,21.59
1497,MOTHERSON,INE775A01035,98.65,20
1498,ASHIANA,INE365D01021,199.5,20
1499,INDORAMA,INE156A01020,52.45,20
1500,KIRLOSIND,INE250A01039,3341.3,20
1501,JETFREIGHT,INE982V01025,9.75,100
1502,SINDHUTRAD,INE325D01025,28.8,100
1503,BANSWRAS,INE629D01020,155.25,20.6
1504,RAMAPHO,INE809A01024,241.3,20
1505,ERIS,INE406M01024,824.05,20
1506,EIHOTEL,INE230A01023,228.6,20
1507,TITAGARH,INE615H01020,768.25,21.25
1508,CHOLAHLDNG,INE149A01033,1166.65,20
1509,DEVYANI,INE872J01023,209.35,20
1510,DTIL,INE341R01014,230.5,20
1511,EPIGRAL,INE071N01016,997.9,20
1512,PFOCUS,INE367G01038,81.5,22.41
1513,SKFINDIA,INE640A01023,5155.45,20
1514,SGBJUN31I,IN0020230069,5928.47,10
1515,STCINDIA,INE655A01013,121.8,22
1516,ICICINIFTY,INF109K012R6,218.53,6
1517,ISMTLTD,INE732F01019,76.1,20.61
1518,METROBRAND,INE317I01021,1097.75,20
1519,TORNTPOWER,INE813H01021,719.7,20
1520,IRCON,INE962Y01021,139.55,20.77
1521,TCNSBRANDS,INE778U01029,373.8,20
1522,NAVA,INE725A01022,412.6,20.98
1523,63MOONS,INE111B01023,291.85,23.33
1524,ASIANTILES,INE022I01019,62.65,20
1525,BBOX,INE676A01027,187.25,22.73
1526,POONAWALLA,INE511C01022,376.1,20
1527,LEMONTREE,INE970X01018,115.75,20
1528,TRF,INE391D01019,231.85,20.64
1529,KOKUYOCMLN,INE760A01029,139.2,100
1530,JINDALSTEL,INE749A01030,688.95,20
1531,360ONE,INE466L01038,518.9,20
1532,BLS,INE153T01027,269.95,20.27
1533,LAGNAM,INE548Z01017,67.35,100
1534,BLISSGVS,INE416D01022,91.4,20
1535,INDIAMART,INE933S01016,3019.9,20
1536,EMMBI,INE753K01015,109.05,20
1537,KOTARISUG,INE419A01022,56.45,100
1538,HDFCLOWVOL,INF179KC1DN2,153.5,20
1539,VGUARD,INE951I01027,307.6,20
1540,QUESS,INE615P01015,422.95,20
1541,GRINFRA,INE201P01022,1245.1,20
1542,MUKANDLTD,INE304A01026,169.95,20
1543,UTTAMSUGAR,INE786F01031,425.3,21.04
1544,MANYAVAR,INE825V01034,1318.95,20
1545,BBL,INE464A01028,3808,20
1546,HINDCON,INE642Y01011,125,100
1547,DYNAMATECH,INE221B01012,4466.9,20
1548,CESC,INE486A01021,90.35,20
1549,KICL,INE029L01018,2712.1,20
1550,ELGIRUBCO,INE819L01012,52.65,100
1551,SHEMAROO,INE363M01019,127.5,100
1552,SJS,INE284S01014,694.15,20
1553,KRSNAA,INE08LI01020,648.65,20
1554,PANAMAPET,INE305C01029,320.5,20
1555,VENKEYS,INE398A01010,1980.85,20
1556,ESABINDIA,INE284A01012,5115.55,20
1557,TEXINFRA,INE435C01024,72.45,20
1558,HEIDELBERG,INE578A01017,181.2,20
1559,NOVARTIND,INE234A01025,737.55,20
1560,LUXIND,INE150G01020,1511.1,20
1561,GSFC,INE026A01025,170.35,20
1562,VIMTALABS,INE579C01029,535.3,20
1563,ALEMBICLTD,INE426A01027,80,20
1564,BHARATGEAR,INE561C01019,125.85,20
1565,COALINDIA,INE522F01014,284.3,10.65
1566,ICICIFMCG,INF109KC1R48,536.15,20
1567,RAJRATAN,INE451D01029,757.35,20
1568,SUNTECK,INE805D01034,432.85,20
1569,MEDANTA,INE474Q01031,689.3,20
1570,BHAGYANGR,INE458B01036,71.8,100
1571,INDTERRAIN,INE611L01021,58.85,21.25
1572,GLAXO,INE159A01016,1568.85,20
1573,VSTIND,INE710A01016,3577.85,20
1574,ASAHIINDIA,INE439A01020,625.2,20
1575,ADVANIHOTR,INE199C01026,87.35,20
1576,EXXARO,INE0GFE01018,132.15,20
1577,PFC,INE134E01011,286.9,20
1578,SNOWMAN,INE734N01019,50.7,20
1579,CGCL,INE180C01026,770.95,20
1580,HGS,INE170I01016,1009.1,20
1581,LASA,INE670X01014,27,100
1582,ARIHANTSUP,INE643K01018,184.5,20
1583,CRAFTSMAN,INE00LO01017,4822.9,20
1584,MANORAMA,INE00VM01010,1815.65,20
1585,ABAN,INE421A01028,45.45,20
1586,DSPNEWETF,INF740KA1QK2,243.23,6.02
1587,XCHANGING,INE692G01013,93.65,20
1588,CAPTRUST,INE707C01018,99.85,24.22
1589,MANINDS,INE993A01026,175.9,21.35
1590,MANAKSIA,INE015D01022,139.95,22.05
1591,PRECAM,INE484I01029,267.1,25.99
1592,SGBFEB29XI,IN0020200393,5868.6,10
1593,VERTOZ,INE188Y01015,270.45,100
1594,KCP,INE805C01028,115.8,20
1595,SGBJAN27,IN0020180462,5831,10
1596,ZYDUSWELL,INE768C01010,1609.7,20
1597,ICICIQTY30,INF109KC15T5,166.91,20
1598,LUMAXTECH,INE872H01027,368.25,20
1599,ICIL,INE483B01026,239.8,20.86
1600,JAGSNPHARM,INE048B01027,421.45,20
1601,HIRECT,INE835D01023,362,100
1602,HEG,INE545A01016,1739.8,20
1603,ELECON,INE205B01023,730.35,20.61
1604,SUBROS,INE287B01021,413.6,20
1605,SHYAMMETL,INE810G01011,434.9,20
1606,INOXWIND,INE066P01011,198.75,21.43
1607,SHIVALIK,INE788J01021,703,20
1608,CROMPTON,INE299U01018,305.8,20
1609,JPPOWER,INE351F01018,10.15,22.8
1610,MACPOWER,INE155Z01011,297.7,22.01
1611,GALLANTT,INE297H01019,95.25,20
1612,EBBETF0433,INF754K01QX0,1056.52,20
1613,SETFNIFBK,INF200KA1580,458.05,20
1614,KOTAKMNC,INF174KA1JF2,22.3,20
1615,WELCORP,INE191B01025,398.05,20
1616,HDFCGOLD,INF179KC1981,52.02,20
1617,DEEPINDS,INE0FHS01024,260.1,20.13
1618,TATACOFFEE,INE493A01027,256.05,20
1619,CAMPUS,INE278Y01022,295.95,20
1620,AMIORG,INE00FF01017,1276.25,20
1621,DHRUV,INE506Z01015,58.4,20
1622,TECHNOE,INE285K01026,517.05,20
1623,JSL,INE220G01021,468.2,20
1624,RANEENGINE,INE222J01013,304.2,100
1625,SGBFEB27,IN0020180561,5922.04,10
1626,PODDARMENT,INE371C01013,355.5,20
1627,JMA,INE412C01023,77.3,20
1628,CSLFINANCE,INE718F01018,328.75,20
1629,MUTHOOTCAP,INE296G01013,425.85,20
1630,GREAVESCOT,INE224A01026,142,20
1631,BHARATWIRE,INE316L01019,259,22.98
1632,SCHAND,INE807K01035,279.3,20.56
1633,MOL,INE0CT101020,81.7,20
1634,EASEMYTRIP,INE07O001026,43.55,20
1635,PPAP,INE095I01015,254.95,22.63
1636,BASML,INE186H01022,47.7,20
1637,MONQ50,INF247L01AU3,53.46,6.47
1638,VINDHYATEL,INE707A01012,2369.75,20
1639,RPSGVENT,INE425Y01011,619.35,20
1640,MTARTECH,INE864I01014,2552.85,20
1641,PRITIKAUTO,INE583R01029,21.3,100
1642,KPIL,INE220B01022,641.95,20
1643,AARTIIND,INE769A01020,507.65,20
1644,JAGRAN,INE199G01027,102.7,20
1645,RANASUG,INE625B01014,28.45,20
1646,NETWORK18,INE870H01013,66.65,20
1647,VOLTAMP,INE540H01012,5065.95,20
1648,IRCTC,INE335Y01020,678.55,20
1649,SALASAR,INE170V01027,52.2,20.48
1650,FACT,INE188A01015,528.5,28.42
1651,ICICISILVE,INF109KC1Y56,73.82,20
1652,KHAICHEM,INE745B01028,66.95,20
1653,RKFORGE,INE399G01023,653.75,20
1654,HITECHGEAR,INE127B01011,380.15,20.95
1655,SAPPHIRE,INE806T01012,1459,20
1656,MASPTOP50,INF769K01HP3,32.71,6.37
1657,IGARASHI,INE188B01013,620.25,20
1658,SUNDRMBRAK,INE073D01013,495.35,100
1659,TARSONS,INE144Z01023,526.8,20
1660,SGBJAN29X,IN0020200385,5880.3,10
1661,KSL,INE907A01026,525.95,20
1662,TEAMLEASE,INE985S01024,2537.25,20
1663,GNFC,INE113A01013,607.25,20
1664,GMRP&UI,INE0CU601026,43.95,24.5
1665,HTMEDIA,INE501G01024,26.2,20
1666,VISHWARAJ,INE430N01022,19.05,20
1667,ETHOSLTD,INE04TZ01018,1720.3,20
1668,KANORICHEM,INE138C01024,126.5,20.8
1669,5PAISA,INE618L01018,434.9,20
1670,TCI,INE688A01022,779.55,20
1671,KPITTECH,INE04I401011,1128.8,20
1672,VIPCLOTHNG,INE450G01024,45.1,100
1673,DCMSHRIRAM,INE499A01024,1049.55,20
1674,TTKHLTCARE,INE910C01018,1158.4,20
1675,LTTS,INE010V01017,4609.45,20
1676,GRAPHITE,INE371A01025,503.45,20
1677,MAXHEALTH,INE027H01010,554.15,20
1678,GODREJAGRO,INE850D01014,478.6,20
1679,JKIL,INE576I01022,399.4,20
1680,IDEA,INE669E01016,11,22.82
1681,SJVN,INE002L01015,81.75,20
1682,AIAENG,INE212H01026,3557,20
1683,UFLEX,INE516A01017,443.55,20
1684,ALLCARGO,INE418H01029,268.85,20
1685,RITES,INE320J01015,505.25,20
1686,SHAILY,INE151G01010,1748.25,20
1687,EPL,INE255A01020,197.1,20
1688,IKIO,INE0LOJ01019,353.8,20
1689,MARICO,INE196A01026,574.5,20
1690,APEX,INE346W01013,227.75,20
1691,SANDESH,INE583B01015,1029.95,20
1692,GRANULES,INE101D01020,331.6,20
1693,ICICIBANK,INE090A01021,987.15,9
1694,AXISTECETF,INF846K01Y96,342.73,20
1695,SBIETFIT,INF200KA1S14,345.51,20
1696,HDFCSML250,INF179KC1FB2,122.12,6
1697,ZENTEC,INE251B01027,723.05,100
1698,ASIANPAINT,INE021A01026,3214.35,9
1699,AVONMORE,INE323B01016,75.9,100
1700,RIIL,INE046A01015,955,20
1701,COFFEEDAY,INE335K01011,51.3,29.89
1702,PRIVISCL,INE959A01019,1200.45,20
1703,FMGOETZE,INE529A01010,362.3,20
1704,BALMLAWRIE,INE164A01016,160,20
1705,KAMATHOTEL,INE967C01018,201.25,21
1706,KOVAI,INE177F01017,2591.5,20
1707,GICHSGFIN,INE289B01019,209.55,20
1708,SURYODAY,INE428Q01011,161.75,20
1709,CASTROLIND,INE172A01027,143.7,20
1710,DIGISPICE,INE927C01020,34.15,100
1711,IRB,INE821I01022,30.4,20
1712,NELCAST,INE189I01024,123.55,20
1713,OCCL,INE321D01016,802.15,20
1714,TAJGVK,INE586B01026,232.6,20