1,AARTIPHARM,INE0LRU01027,434.55,20
2,DPSCLTD,INE360C01024,16.7,21.8
3,PONNIERODE,INE838E01017,419.25,20.71
4,HDFCSENSEX,INF179KC1973,726.53,6
5,DEEPAKNTR,INE288B01029,2180.55,20
6,THANGAMAYL,INE085J01014,1216.15,20
7,NAVNETEDUL,INE060A01024,153.95,20
8,RELINFRA,INE036A01016,175.15,100
9,NFL,INE870D01012,74.15,20
10,PROZONER,INE195N01013,28.85,21.38
11,JAYAGROGN,INE785A01026,196.8,20
12,ICICINV20,INF109KB1WY5,115.64,20
13,MARUTI,INE585B01010,10284.3,9
14,SWANENERGY,INE665A01038,296.65,20.53
15,ALBERTDAVD,INE155C01010,742.4,20
16,ASAHISONG,INE228I01012,258.2,20
17,KMSUGAR,INE157H01023,33.9,20
18,SIGIND,INE529F01035,48.8,100
19,ESG,INF769K01GS9,32.58,20
20,YUKEN,INE384C01016,717.7,20
21,RAJESHEXPO,INE343B01030,508.65,20
22,IGPL,INE204A01010,553.85,20
23,BLUESTARCO,INE472A01039,890.6,20
24,SGBJAN29IX,IN0020200377,5891.06,10
25,ITI,INE248A01017,173.5,20.45
26,RUSTOMJEE,INE263M01029,574.9,20
27,BECTORFOOD,INE495P01012,948.35,20
28,SGBMAR25,IN0020160126,5899.99,10
29,MOVALUE,INF247L01BE5,63.79,20
30,INDIAGLYCO,INE560A01015,695.75,20
31,TRIGYN,INE948A01012,122.55,20.59
32,VSTTILLERS,INE764D01017,3695.35,20
33,SGBSEP27,IN0020190115,5900,10
34,SKYGOLD,INE01IU01018,284,100
35,SGBNOV25VI,IN0020170083,5990,10
36,RECLTD,INE020B01018,259.1,20
37,AXISCETF,INF846K016C7,86.2,20
38,IDFNIFTYET,INF194KA1U07,212.09,7.22
39,SGBAUG27,IN0020190107,6000,10
40,VERANDA,INE0IQ001011,186.25,20
41,JUBLINDS,INE645L01011,665.85,20
42,PASUPTAC,INE818B01023,34.7,20
43,CENTRUM,INE660C01027,24.65,20
44,UCAL,INE139B01016,137.8,100
45,SGBMAY26,IN0020180033,5899.69,10
46,FLUOROCHEM,INE09N301011,3035.4,20
47,DHUNINV,INE320L01011,750.45,20
48,STARPAPER,INE733A01018,218.05,20
49,CHEMPLASTS,INE488A01050,483.65,20
50,PAGEIND,INE761H01022,39519.9,20
51,GOKULAGRO,INE314T01025,113.95,20
52,RUSHIL,INE573K01017,286.6,20.1
53,EICHERMOT,INE066A01021,3435.85,10.17
54,VISHNU,INE270I01022,334,20
55,GUJALKALI,INE186A01019,690.2,20
56,NMDC,INE584A01023,143.95,20
57,KIRLOSENG,INE146L01010,487.65,20
58,DHANI,INE274G01010,44.45,100
59,MOIL,INE490G01020,216.3,20
60,ANANTRAJ,INE242C01024,215.25,20
61,CREATIVE,INE985W01018,512.55,20
62,TIINDIA,INE974X01010,3284,20
63,HDFCNIF100,INF179KC1DB7,199.05,7.56
64,CHAMBLFERT,INE085A01013,279.65,20
65,PLASTIBLEN,INE083C01022,231.65,20
66,KIRLPNU,INE811A01020,572.85,20
67,SGBNOV25,IN0020170091,5900,10
68,RUCHIRA,INE803H01014,150.05,20
69,JSWHL,INE824G01012,4634.9,20
70,HSCL,INE019C01026,237.65,20.37
71,RCF,INE027A01015,126.8,20
72,NATHBIOGEN,INE448G01010,210.8,20
73,SANDHAR,INE278H01035,394.25,20
74,NCC,INE868B01028,149.45,20
75,WELSPUNIND,INE192B01031,121.6,20
76,KECL,INE134B01017,106.8,22.5
77,STOVEKRAFT,INE00IN01015,526,20
78,MEDICAMEQ,INE646B01010,667.9,20
79,AXISHCETF,INF846K01Z12,97.32,20
80,VENUSPIPES,INE0JA001018,1506.6,20
81,TITAN,INE280A01028,3304.5,9
82,IFGLEXPOR,INE133Y01011,474.5,20
83,BASF,INE373A01013,2622.5,20
84,TV18BRDCST,INE886H01027,45.9,20
85,NAHARCAP,INE049I01012,317.55,20.15
86,HDFCBANK,INE040A01034,1553.35,9
87,HINDALCO,INE038A01020,479.55,13.39
88,LIQUIDBEES,INF732E01037,1000,10
89,JPOLYINVST,INE147P01019,565.65,22.85
90,POWERINDIA,INE07Y701011,4179.85,20
91,TATACONSUM,INE192A01025,871,9
92,SUBEXLTD,INE754A01055,33,22.5
93,VHL,INE701A01023,3005.6,20
94,MEDICO,INE630Y01024,70.7,20
95,MOMOMENTUM,INF247L01BK2,45.89,20
96,SGBMAR30X,IN0020210319,5890,10
97,TATVA,INE0GK401011,1626.45,20
98,TANLA,INE483C01032,1032.6,21.02
99,NPBET,INF277K010X4,236.12,7.56
100,RPPINFRA,INE324L01013,67.95,100
101,TORNTPHARM,INE685A01028,1874.4,20
102,ARMANFIN,INE109C01017,2309.35,20
103,INOXGREEN,INE510W01014,65.6,20
104,YESBANK,INE528G01035,17.7,20
105,PARACABLES,INE074B01023,65.1,100
106,ASAL,INE900C01027,419.3,21.49
107,MAHEPC,INE215D01010,116.4,20
108,COLPAL,INE259A01022,1993.15,20
109,ICICIPHARM,INF109KC1Q72,97.61,20
110,NRBBEARING,INE349A01021,277.95,20
111,ROSSARI,INE02A801020,832.3,20
112,SGBJUN30,IN0020220045,5902,10
113,SHRIRAMPPS,INE217L01019,88.15,20
114,SGBOCT25IV,IN0020170067,5889.35,10
115,SHAKTIPUMP,INE908D01010,869.3,21.17
116,GANESHHOUC,INE460C01014,440.6,20
117,DMART,INE192R01011,3686.95,20
118,CORDSCABLE,INE792I01017,95.7,100
119,KAYA,INE587G01015,348.4,20
120,SANOFI,INE058A01010,7148.35,20
121,KAMOPAINTS,INE0BTI01029,159.85,100
122,SULA,INE142Q01026,475.25,20
123,ABSLLIQUID,INF209KB18T9,1000,20
124,TPLPLASTEH,INE413G01022,40.8,100
125,INDUSTOWER,INE121J01017,178.5,20
126,MOLOWVOL,INF247L01BL0,28.52,20
127,AIROLAM,INE801L01010,109.75,100
128,RICOAUTO,INE209B01025,81.05,21.84
129,UCOBANK,INE691A01018,41.6,20.31
130,IRIS,INE864K01010,98.35,100
131,JUNIORBEES,INF732E01045,480.49,6
132,KFINTECH,INE138Y01010,448.2,20
133,FORTIS,INE061F01013,336.7,20
134,LAMBODHARA,INE112F01022,169.8,27.12
135,GATI,INE152B01027,164.85,20
136,ICICIMCAP,INF109KB1XT3,121.25,6.03
137,SOUTHWEST,INE980Y01015,122.45,100
138,BERGEPAINT,INE463A01038,753.25,20
139,OIL,INE274J01014,276.05,20
140,SCHNEIDER,INE839M01018,336.45,20
141,ITC,INE154A01025,447.5,9
142,LICNETFGSC,INF767K01MV5,23.99,10
143,AARVI,INE754X01016,126.7,21.25
144,ORIENTBELL,INE607D01018,460.55,20
145,EMAMILTD,INE548C01032,524.9,20
146,ZUARIIND,INE217A01012,145.3,20
147,SPLIL,INE978G01016,65.65,22.62
148,AHL,INE00ZE01026,319.45,20
149,CONTROLPR,INE663B01015,737.1,20
150,EBBETF0431,INF754K01LE1,1156.05,6
151,IMFA,INE919H01018,387.3,20
152,PRIMESECU,INE032B01021,148.65,20
153,L&TFH,INE498L01015,123.2,20
154,PFS,INE560K01014,27.55,20.65
155,3MINDIA,INE470A01017,29913.05,20
156,CONFIPET,INE552D01024,87.3,20
157,GUJGASLTD,INE844O01030,441.05,20
158,SETF10GILT,INF200KA1JT1,218.21,10
159,WHIRLPOOL,INE716A01013,1660.3,20
160,SOTL,INE035D01020,330.5,20
161,HISARMETAL,INE598C01011,166.1,100
162,CONSUMBEES,INF204KA1LD7,93.02,20
163,VIDHIING,INE632C01026,421.6,20
164,BBTCL,INE01EE01011,239.1,20
165,ADVENZYMES,INE837H01020,320.95,20
166,AXSENSEX,INF846K010Q0,66.5,6
167,VTL,INE825A01020,387.35,20
168,ICICIB22,INF109KB15Y7,74.49,20
169,JYOTHYLAB,INE668F01031,351,20
170,INDIANB,INE562A01011,404.9,20
171,MANKIND,INE634S01028,1739.8,20
172,SARDAEN,INE385C01021,212.3,20
173,LAOPALA,INE059D01020,419.75,20
174,GMDCLTD,INE131A01031,283.35,22.79
175,GHCLTEXTIL,INE0PA801013,75.05,20
176,SESHAPAPER,INE630A01024,373.9,20
177,ASTRAL,INE006I01046,1893.15,20
178,ICICIBANKN,INF109KC15I8,45.03,20
179,PGIL,INE940H01014,944.6,22.79
180,TINPLATE,INE422C01014,399,20
181,SONACOMS,INE073K01018,590.95,20
182,HAVELLS,INE176B01034,1413.35,20
183,INTELLECT,INE306R01017,709.05,20
184,MAITHANALL,INE683C01011,1036.75,20
185,SEMAC,INE617A01013,1965.5,100
186,OPTIEMUS,INE350C01017,309.2,26.5
187,SAFARI,INE429E01023,3546.7,20
188,KKCL,INE401H01017,687.4,20
189,SAHYADRI,INE280H01015,426.65,20
190,BALPHARMA,INE083D01012,93.35,20
191,PFIZER,INE182A01018,3831.9,20
192,SADHNANIQ,INE888C01040,81.2,20
193,MADRASFERT,INE414A01015,76.9,23.73
194,RESPONIND,INE688D01026,328.6,21.85
195,MCX,INE745G01035,1749.45,20
196,RAJSREESUG,INE562B01019,56.9,100
197,AARON,INE721Z01010,252,100
198,DRREDDY,INE089A01023,5668.5,9
199,BHAGCHEM,INE414D01019,1223.45,20
200,VASWANI,INE590L01019,27.95,24.6
201,DREDGECORP,INE506A01018,455.3,20
202,BHANDARI,INE474E01029,6.85,100
203,CARERATING,INE752H01013,839.4,20
204,TVTODAY,INE038F01029,222.05,20
205,PGEL,INE457L01011,1777.55,20
206,PARSVNATH,INE561H01026,8.6,23.81
207,OSWALGREEN,INE143A01010,24.05,20
208,ARVIND,INE034A01011,164.35,20
209,APCOTEXIND,INE116A01032,503.65,20
210,DCMNVL,INE08KP01019,165.1,20
211,DCBBANK,INE503A01015,126.05,20
212,RACE,INE084Q01012,264.7,20
213,RADIANTCMS,INE855R01021,94.9,20
214,DSPITETF,INF740KA1SX1,32.99,20
215,BIOCON,INE376G01013,267,20
216,BIRLACORPN,INE340A01012,1168.4,20
217,MAYURUNIQ,INE040D01038,498.3,20
218,SIMPLEXINF,INE059B01024,59.5,100
219,CHEMCON,INE03YM01018,285.15,20
220,VADILALIND,INE694D01016,2484.15,20
221,DCXINDIA,INE0KL801015,298.7,20
222,SIRCA,INE792Z01011,393.4,20
223,ANDHRAPAP,INE435A01028,598.2,20
224,ALMONDZ,INE326B01027,88.85,20
225,GRMOVER,INE192H01020,202.5,20.13
226,PIIND,INE603J01030,3445.85,20
227,JHS,INE544H01014,21.55,100
228,INDUSINDBK,INE095A01012,1411.3,12.76
229,STERTOOLS,INE334A01023,366,21.01
230,TATAPOWER,INE245A01021,256.65,20
231,NAHARINDUS,INE289A01011,136.55,20
232,FILATEX,INE816B01035,44.25,20
233,BRITANNIA,INE216A01030,4558.55,9
234,MSTCLTD,INE255X01014,403.15,20
235,INDRAMEDCO,INE681B01017,159.65,100
236,AXISILVER,INF846K011K1,73.49,20
237,IOLCP,INE485C01011,478.3,20
238,SDL26BEES,INF204KC1022,115.25,20
239,HNDFDS,INE254N01026,593.25,20
240,SGBNOV258,IN0020170109,5875,10
241,SGBOCT27VI,IN0020190388,5900,10
242,ORISSAMINE,INE725E01024,4644.7,20
243,BPCL,INE029A01011,355.25,9.84
244,ROTO,INE535D01029,353.2,20
245,HDFCMOMENT,INF179KC1DM4,230.47,20
246,SGBDE30III,IN0020220110,5901.84,10
247,GULPOLY,INE255D01024,218.75,20
248,ABB,INE117A01022,4276.2,20
249,APTUS,INE852O01025,275.45,20
250,SBC,INE04AK01028,20.3,100
251,NITINSPIN,INE229H01012,282.7,20
252,GOLDBEES,INF204KB17I5,50.27,20
253,KOTAKPSUBK,INF373I01023,500.97,20
254,SGBSEP24,IN0020160043,5911,10
255,GEECEE,INE916G01016,190.7,20
256,ALPHAGEO,INE137C01018,301.7,20
257,CYBERTECH,INE214A01019,126.9,100
258,SOLARA,INE624Z01016,356.7,20
259,MOM50,INF247L01536,200.61,6
260,SHALBY,INE597J01018,229.8,20
261,CEATLTD,INE482A01020,2122.05,20
262,ANDREWYU,INE449C01025,37.2,20
263,NSLNISP,INE0NNS01018,51.9,20
264,SGBOCT25V,IN0020170075,5941,10
265,REMSONSIND,INE474C01015,421.1,100
266,MRF,INE883A01011,108841.65,20
267,APOLLOPIPE,INE126J01016,692.05,20
268,UTIBANKETF,INF789F1AUV1,45.46,20
269,SGBJUN28,IN0020200104,5885.54,10
270,VALIANTORG,INE565V01010,498.8,20
271,SYNGENE,INE398R01022,777.65,20
272,INFOBEAN,INE344S01016,468.6,20
273,ACC,INE012A01025,1993.8,20
274,SIYSIL,INE076B01028,575,20
275,GOLDSHARE,INF789F1AUX7,50.3,20
276,VINEETLAB,INE505Y01010,51.15,21.34
277,ONEPOINT,INE840Y01029,32.35,100
278,GRINDWELL,INE536A01023,2054.7,20
279,SHREECEM,INE070A01015,26293.6,20
280,PHARMABEES,INF204KC1089,15.55,20
281,NEOGEN,INE136S01016,1694.45,20
282,CLEAN,INE227W01023,1421.9,20
283,GRSE,INE382Z01011,829.85,23.01
284,TVSELECT,INE236G01019,357.15,21.46
285,SUKHJITS,INE450E01011,417.45,20
286,SPECIALITY,INE247M01014,198.25,20
287,JINDALPHOT,INE796G01012,539.45,24.6
288,NECCLTD,INE553C01016,20.35,24.1
289,ICICIFIN,INF109KC17L8,20.22,20
290,ROLEXRINGS,INE645S01016,2223.95,20
291,WENDT,INE274C01019,14261.05,20
292,HCLTECH,INE860A01027,1278,9
293,JUBLPHARMA,INE700A01033,431.5,20
294,TIMKEN,INE325A01013,3102.4,20
295,SGBMAR28X,IN0020190552,5866,10
296,ASPINWALL,INE991I01015,261.15,21.51
297,IIFL,INE530B01024,585.05,20
298,AYMSYNTEX,INE193B01039,66.65,20
299,GOKUL,INE020J01029,33.75,20.97
300,PRITI,INE974Z01015,168.1,20.12
301,SALZERELEC,INE457F01013,393.55,20.5
302,EROSMEDIA,INE416L01017,18.4,23.95
303,AAREYDRUGS,INE198H01019,47.05,100
304,NIITLTD,INE161A01038,123.35,22.73
305,KAYNES,INE918Z01012,2067.85,20
306,RAMKY,INE874I01013,603.8,20.78
307,ADORWELD,INE045A01017,1051.8,20
308,DIL,INE411Y01011,9.75,100
309,STARCEMENT,INE460H01021,152.75,20
310,SPARC,INE232I01014,227.6,20
311,SGBJUL25,IN0020170034,5900,10
312,TI,INE133E01013,205.6,20
313,REPRO,INE461B01014,755.1,20
314,EXIDEIND,INE302A01020,258.05,20
315,ICICI5GSEC,INF109KC14A8,53.2,10
316,ACCURACY,INE648Z01023,8.8,100
317,KIRLFER,INE884B01025,460.9,20
318,THERMAX,INE152A01029,2862.85,20
319,INDOCO,INE873D01024,340.05,20
320,DMCC,INE505A01010,321.75,20
321,PALREDTEC,INE218G01033,148.4,22.87
322,VAISHALI,INE972X01014,121.55,20.72
323,WINDMACHIN,INE052A01021,78.3,100
324,DECCANCE,INE583C01021,535.5,20
325,GOKEX,INE887G01027,738.4,21.57
326,GILLETTE,INE322A01010,6181.2,20
327,DHAMPURSUG,INE041A01016,304.7,20
328,MODISONLTD,INE737D01021,77.4,100
329,IVC,INE050B01023,7.8,100
330,MOTILALOFS,INE338I01027,852.65,20
331,SGBOCT27,IN0020190370,5919.98,10
332,SHANTIGEAR,INE631A01022,466.25,20
333,RBL,INE244J01017,800.45,20
334,JSWSTEEL,INE019A01038,778.35,10.96
335,TDPOWERSYS,INE419M01027,243.85,20
336,BAJAJHLDNG,INE118A01012,7346.6,20
337,TTML,INE517B01013,98.55,23.13
338,IDEAFORGE,INE349Y01013,933.4,20
339,M&MFIN,INE774D01024,301,20
340,JAYSREETEA,INE364A01020,107,20
341,ICICISENSX,INF346A01034,737.84,6
342,EMAMIREAL,INE778K01012,80.95,20
343,GSLSU,INE0JSX01015,172.1,20
344,GANESHBE,INE388A01029,152.55,20
345,ORICONENT,INE730A01022,24.65,100
346,MANGALAM,INE584F01014,101.45,20
347,ROHLTD,INE283H01019,284.15,22
348,KNRCON,INE634I01029,274.15,20
349,MALLCOM,INE389C01015,1120.75,20
350,ITDC,INE353K01014,374.75,20
351,NAVKARCORP,INE278M01019,58.75,22.55
352,CTE,INE627H01017,56.55,100
353,IFCI,INE039A01010,20.25,22.6
354,HATHWAY,INE982F01036,19.9,20
355,SUTLEJTEX,INE645H01027,52.9,20
356,SHREYAS,INE757B01015,367.3,22.39
357,SMARTLINK,INE178C01020,173.95,20
358,TATASTLLP,INE674A01014,813.75,20
359,SASKEN,INE231F01020,1054.5,20
360,RAIN,INE855B01025,167.4,20
361,DISHTV,INE836F01026,18.7,26.37
362,IRFC,INE053F01010,74.45,20
363,ALLSEC,INE835G01018,601.1,20
364,STYLAMIND,INE239C01020,1713.4,20
365,WIPRO,INE075A01022,428.95,9
366,JTLIND,INE391J01024,214.45,20
367,ATUL,INE100A01010,7096.4,20
368,GMRINFRA,INE776C01039,59,20
369,MONTECARLO,INE950M01013,764.45,20
370,NEWGEN,INE619B01017,854.95,20
371,NIACL,INE470Y01017,139,20
372,DIVISLAB,INE361B01024,3746.8,11.36
373,RSWM,INE611A01016,189.85,20
374,KPIGREEN,INE542W01017,814.45,22.08
375,MTNL,INE153A01019,27.05,21.65
376,PREMIERPOL,INE309M01012,102.45,100
377,MAKEINDIA,INF769K01IB1,99.42,20
378,ASTERDM,INE914M01019,325.85,20
379,INDIANHUME,INE323C01030,244.65,20
380,SENCO,INE602W01019,487.9,20
381,SHARDACROP,INE221J01015,430.6,20
382,CENTURYTEX,INE055A01016,1016.9,20
383,GULFPETRO,INE586G01017,43.85,20
384,SGBAPR28I,IN0020200062,5943.93,10
385,FAZE3Q,INE963C01033,372.95,20
386,ICICITECH,INF109KC16I6,34.46,20
387,SWSOLAR,INE00M201021,361.2,100
388,ABSLAMC,INE404A01024,421,20
389,RAMASTEEL,INE230R01035,37,20
390,CORALFINAC,INE558D01021,39.8,20
391,AARTIDRUGS,INE767A01016,570.45,20
392,ELDEHSG,INE668G01021,707.15,20
393,BANKBEES,INF204KB15I9,454.78,20
394,IDFC,INE043D01016,126.8,20
395,SWELECTES,INE409B01013,645.85,22.88
396,BIRLAMONEY,INE865C01022,68.9,20
397,DIVOPPBEES,INF204KA1MS3,58.08,20
398,MURUDCERA,INE692B01014,47.8,20.16
399,ICEMAKE,INE520Y01019,507.65,21.01
400,SGBAUG29V,IN0020210129,5900,10
401,MAXVIL,INE154U01015,216.2,20
402,VINYLINDIA,INE250B01029,438.75,22.75
403,TCIEXP,INE586V01016,1468.9,20
404,TRENT,INE849A01020,2058.2,20
405,EBBETF0430,INF754K01KO2,1298.98,6
406,ALANKIT,INE914E01040,11.15,20.54
407,MFSL,INE180A01020,927.1,20
408,GLS,INE03Q201024,626.2,20
409,DIVGIITTS,INE753U01022,941.85,20
410,USK,INE0N0Y01013,35.4,20
411,CANTABIL,INE068L01016,1079.6,20
412,FINCABLES,INE235A01022,1094.95,20
413,PVRINOX,INE191H01014,1706.3,20
414,TATACHEM,INE092A01019,1034.8,20
415,UFO,INE527H01019,109.9,100
416,KAJARIACER,INE217B01036,1354.2,20
417,BHAGERIA,INE354C01027,153.9,20
418,SILVERBEES,INF204KC1402,70.93,20
419,APLLTD,INE901L01018,764.85,20
420,CAPLIPOINT,INE475E01026,1003.4,20
421,SGBNV29VII,IN0020210178,5890.41,10
422,ARVSMART,INE034S01021,349.6,20
423,POLYCAB,INE455K01017,5221.85,20
424,IMPAL,INE547E01014,797.85,20
425,BSOFT,INE836A01035,491.3,20
426,AJANTPHARM,INE031B01049,1722.7,20
427,HAL,INE066F01012,3915.45,20
428,ALKALI,INE773I01017,113.7,23.17
429,GEPIL,INE878A01011,178.6,20.03
430,MANALIPETC,INE201A01024,65.5,20
431,ACI,INE128X01021,594.25,20
432,HONAUT,INE671A01010,40201.7,20
433,SIEMENS,INE003A01024,3740,20
434,MAZDOCK,INE249Z01012,2207.8,22.96
435,SILVERTUC,INE625X01018,596.4,20
436,HINDCOPPER,INE531E01026,154.25,20
437,TRIDENT,INE064C01022,37.95,20
438,SGBJUN29II,IN0020210061,5883.52,10
439,SARLAPOLY,INE453D01025,50,20
440,AUBANK,INE949L01017,742.6,20
441,TIDEWATER,INE484C01030,1195.9,20
442,AIRAN,INE645W01026,22.3,20
443,MOREPENLAB,INE083A01026,36.5,20
444,SDL24BEES,INF204KB18W4,115.95,20
445,SGBAUG24,IN0020160027,5976.24,10
446,KDDL,INE291D01011,2052.6,20
447,IIFLSEC,INE489L01022,76.5,20
448,SHYAMCENT,INE979R01011,19.95,20
449,SAH,INE035801013,98.9,20
450,CREST,INE559D01011,229.4,20
451,UPL,INE628A01036,625.05,10.07
452,SGBJUL27,IN0020190081,5885,10
453,MARKSANS,INE750C01026,104.1,20
454,SHREYANIND,INE231C01019,243,100
455,SAREGAMA,INE979A01025,382.5,20
456,DAAWAT,INE818H01020,162.55,20
457,SHIVAMAUTO,INE637H01024,35.95,100
458,LINC,INE802B01019,693.75,20
459,INDOBORAX,INE803D01021,163.6,100
460,AETHER,INE0BWX01014,985.65,20
461,DCAL,INE385W01011,169.65,21.18
462,SHOPERSTOP,INE498B01024,693.65,20
463,BANARISUG,INE459A01010,2694.2,20
464,HCC,INE549A01026,24.5,27.22
465,MAXIND,INE0CG601016,139.65,20
466,POLICYBZR,INE417T01026,760.8,20
467,SILVRETF,INF769K01KG6,71.98,20
468,CENTURYPLY,INE348B01021,652.5,20
469,HDFCLIFE,INE795G01014,644.25,10.85
470,BAJAJELEC,INE193E01025,1101.7,100
471,CLSEL,INE419D01026,224.3,20
472,NELCO,INE045B01015,784.8,20
473,RSYSTEMS,INE411H01032,487.15,20
474,ATULAUTO,INE951D01028,572.5,22.53
475,NETF,INF277K015R5,208.45,6.89
476,ECLERX,INE738I01010,1832.5,20
477,HIKAL,INE475B01022,302.3,20
478,NAUKRI,INE663F01024,4439.95,20
479,APARINDS,INE372A01015,5232.35,21.6
480,TRITURBINE,INE152M01016,419.1,20
481,SOUTHBANK,INE683A01023,25.7,20
482,MEGASOFT,INE933B01012,46.1,100
483,HOMEFIRST,INE481N01025,839.1,20
484,PUNJABCHEM,INE277B01014,1093.3,20
485,HARDWYN,INE626Z01029,38.05,22.05
486,KRITI,INE479D01038,101.9,20
487,ALOKINDS,INE270A01029,18.95,21.59
488,SHARIABEES,INF732E01128,446.3,20
489,YAARI,INE126M01010,10.9,100
490,NILKAMAL,INE310A01015,2322.25,20
491,HCL-INSYS,INE236A01020,17.35,100
492,EVERESTIND,INE295A01018,1087.65,20
493,SAKUMA,INE190H01024,19.25,23.45
494,DENORA,INE244A01016,1599.4,26.4
495,GREENPOWER,INE999K01014,13.95,100
496,BODALCHEM,INE338D01028,78.05,20
497,PEL,INE140A01024,1046.65,20
498,COMPUSOFT,INE453B01029,21.75,22.3
499,GMMPFAUDLR,INE541A01023,1843.15,20
500,DBOL,INE0I3401014,173.95,20
501,SUMICHEM,INE258G01013,422.9,20
502,APLAPOLLO,INE702C01027,1600.5,20
503,GOODLUCK,INE127I01024,587,20
504,PATINTLOG,INE529D01014,15.15,100
505,MAWANASUG,INE636A01039,109.6,20.66
506,LIBERTSHOE,INE557B01019,247.65,20
507,JAYNECOIND,INE854B01010,36.95,21.78
508,KTKBANK,INE614B01018,239.9,20
509,ORIENTCEM,INE876N01018,168.35,20
510,RAYMOND,INE301A01014,1863.85,20
511,POLYPLEX,INE633B01018,1156,20
512,MUNJALSHOW,INE577A01027,145.25,20
513,KOPRAN,INE082A01010,222.15,23.77
514,BOMDYEING,INE032A01023,139.1,21.09
515,GIPCL,INE162A01010,136.35,20
516,SGBJUL28IV,IN0020200146,5879.17,10
517,STEELXIND,INE503B01021,10,21.46
518,TRIVENI,INE256C01024,368.4,20
519,VAKRANGEE,INE051B01021,16.85,20.41
520,IFBAGRO,INE076C01018,521.9,20
521,PSPPROJECT,INE488V01015,787.55,20
522,JASH,INE039O01011,1329.65,20
523,SGBOCT25,IN0020170059,5902,10
524,MASTEK,INE759A01021,2381.2,20
525,CARTRADE,INE290S01011,552.65,20
526,PILITA,INE600A01035,8.65,100
527,PERSISTENT,INE262H01013,5755.05,20
528,LODHA,INE670K01029,763.05,20
529,RADICO,INE944F01028,1186.05,20
530,PANACEABIO,INE922B01023,155.35,20
531,HARRMALAYA,INE544A01019,159.7,20
532,RTNINDIA,INE834M01019,58.75,23.75
533,GALAXYSURF,INE600K01018,2650.95,20
534,VASCONEQ,INE893I01013,57.65,23.15
535,NURECA,INE0DSF01015,347.7,20.44
536,SGBD29VIII,IN0020210228,5906.7,10
537,DSPSILVETF,INF740KA1RE3,71.25,20
538,BALAXI,INE618N01014,454.2,20
539,BAIDFIN,INE020D01022,32.9,20
540,CHEMFAB,INE783X01023,368.4,21.75
541,HBLPOWER,INE292B01021,247.55,23.2
542,APCL,INE071F01012,178.8,20
543,NATCOPHARM,INE987B01026,859.95,20
544,BANDHANBNK,INE545U01014,245.5,20
545,SGBAUG28V,IN0020200161,5892.38,10
546,HDFCNIFIT,INF179KC1DX1,326.67,20
547,MGL,INE002S01010,1018.55,20
548,MAHABANK,INE457A01014,44.85,20
549,GODREJIND,INE233A01035,562.7,20
550,SHRIRAMFIN,INE721A01013,1900.3,20
551,FEDERALBNK,INE171A01029,145.8,20
552,DOLLAR,INE325C01035,433.05,20
553,WHEELS,INE715A01015,781.2,20
554,BFUTILITIE,INE243D01012,646.1,20.51
555,TRIL,INE763I01026,157.25,28.41
556,SGBMAY25,IN0020170018,5899.99,10
557,ONWARDTEC,INE229A01017,565,21.92
558,SGBMAR24,IN0020150119,5935,10
559,BOROLTD,INE02PY01013,402.6,20
560,HDFCSILVER,INF179KC1DI2,70.96,20
561,ALKYLAMINE,INE150B01039,2402.7,20
562,PETRONET,INE347G01014,237.85,20
563,LAXMIMACH,INE269B01029,14985.3,20
564,ESCORTS,INE042A01014,3107.55,20
565,ORBTEXP,INE231G01010,162.3,100
566,FCL,INE045J01026,314.75,20.73
567,BORORENEW,INE666D01022,422.7,20
568,SETFNIF50,INF200KA1FS1,205.71,6
569,SGBN28VIII,IN0020200286,5896.33,10
570,GREENPANEL,INE08ZM01014,375.55,20
571,OMINFRAL,INE239D01028,77.9,100
572,ABSLBANETF,INF209KB17D5,45.05,20
573,NOCIL,INE163A01018,237.4,20
574,CGPOWER,INE067A01029,429.5,20
575,TARC,INE0EK901012,83.85,20
576,SELAN,INE818A01017,385.85,20
577,AUTOIND,INE718H01014,95.05,100
578,RUBYMILLS,INE301D01026,239.45,21.99
579,SPCENET,INE970N01027,22,20.32
580,DIAMONDYD,INE393P01035,887.35,20
581,TCPLPACK,INE822C01015,2071.5,20.11
582,PRAKASH,INE603A01013,139.9,20
583,GTPL,INE869I01013,179.9,20
584,CHOLAFIN,INE121A01024,1188.2,20
585,MONARCH,INE903D01011,333.25,22.11
586,SHARDAMOTR,INE597I01028,983.2,20
587,ABSLNN50ET,INF209KB16D7,46.65,6.2
588,SETFNN50,INF200KA1598,475.91,6
589,SEQUENT,INE807F01027,88.75,20
590,M&M,INE101A01026,1583.25,10.27
591,UNOMINDA,INE405E01023,604.75,20
592,UGARSUGAR,INE071E01023,110.85,21.08
593,JWL,INE209L01016,319.45,24.3
594,NACLIND,INE295D01020,81,20
595,AVTNPL,INE488D01021,84.05,20
596,GLOBAL,INE291W01029,189.25,24.15
597,RGL,INE722H01024,106.25,20
598,AWL,INE699H01024,346.25,20
599,MMTC,INE123F01029,57.9,23.01
600,AUTOAXLES,INE449A01011,2175.95,20
601,ELGIEQUIP,INE285A01027,492.4,20
602,TOKYOPLAST,INE932C01012,102.55,20
603,MID150BEES,INF204KB1V68,153.63,6
604,RML,INE050H01012,850.7,20.53
605,FOODSIN,INE976E01023,166.85,20
606,KRITINUT,INE798K01010,74.6,100
607,SDBL,INE480C01020,315.15,20.14
608,JCHAC,INE782A01015,1233.25,20
609,TIPSFILMS,INE0LQS01015,528.1,100
610,PGHH,INE179A01014,17163.35,20
611,SANSERA,INE953O01021,931,20
612,RPGLIFE,INE105J01010,1336.75,20
613,ESSARSHPNG,INE122M01019,14.6,100
614,HIL,INE557A01011,2918.6,20
615,CANBK,INE476A01014,364.45,20
616,TVSMOTOR,INE494B01023,1498.9,20
617,PNCINFRA,INE195J01029,368.3,20
618,VISHAL,INE755Q01025,18.55,20
619,GAEL,INE036B01030,296.8,20
620,MUNJALAU,INE672B01032,57.2,20
621,UNICHEMLAB,INE351A01035,421.35,20
622,ESTER,INE778B01029,93.8,20
623,SRF,INE647A01010,2315.65,20
624,TIPSINDLTD,INE716B01029,314.4,20
625,DSPN50ETF,INF740KA1CL0,201.72,9.16
626,GEOJITFSL,INE007B01023,51.2,20
627,CHALET,INE427F01016,540.4,20
628,BANKINDIA,INE084A01016,107.3,20
629,ARIES,INE298I01015,174.95,20
630,ZYDUSLIFE,INE010B01027,615.65,20
631,GABRIEL,INE524A01029,314.4,20
632,DCMSRIND,INE843D01027,132.15,20
633,KARURVYSYA,INE036D01028,134.3,20
634,ADANIENT,INE423A01024,2479.25,27.66
635,GODFRYPHLP,INE260B01028,2041.9,20
636,EIFFL,INE546V01010,140.6,20
637,KOTHARIPRO,INE823A01017,122.75,20.92
638,SATINDLTD,INE065D01027,113,20
639,SBCL,INE386D01027,534.45,20.74
640,SOBHA,INE671H01015,653.1,20
641,DATAMATICS,INE365B01017,571.2,23.22
642,PGHL,INE199A01012,4932.6,20
643,PAYTM,INE982J01020,841.05,20
644,CDSL,INE736A01011,1291.85,20
645,MUTHOOTFIN,INE414G01012,1278.5,20
646,GARFIBRES,INE276A01018,3147.2,20
647,HDFCVALUE,INF179KC1DK8,106.13,20
648,MAHLIFE,INE813A01018,565,20
649,JKTYRE,INE573A01042,265.6,20
650,NAHARSPING,INE290A01027,264.3,20
651,UBL,INE686F01025,1571.4,20
652,SGBFEB24,IN0020150101,5899.99,10
653,WESTLIFE,INE274F01020,947.6,20
654,BFINVEST,INE878K01010,523.75,22.5
655,COFORGE,INE591G01017,5336.3,20
656,IRISDOREME,INE01GN01025,75.05,20
657,HNGSNGBEES,INF204KB19I1,263.69,8.61
658,AAVAS,INE216P01012,1669.1,20
659,ENGINERSIN,INE510A01028,143.3,20
660,KELLTONTEC,INE164B01022,88,20.56
661,RAJMET,INE00KV01022,10.05,100
662,AFFLE,INE00WC01027,1088.25,20
663,VAIBHAVGBL,INE884A01027,422.65,20
664,WSTCSTPAPR,INE976A01021,673.65,20
665,KPRMILL,INE930H01031,731.9,20
666,EMKAY,INE296H01011,85.15,20
667,TVSHLTD,INE105A01035,5703.85,20
668,CYIENTDLM,INE055S01018,672.6,20
669,TFCILTD,INE305A01015,100.05,20
670,MHRIL,INE998I01010,396.2,20
671,MARINE,INE01JE01028,60.1,100
672,EIHAHOTELS,INE276C01014,474.1,20
673,ONGC,INE213A01029,186.7,10.97
674,KOTAKNV20,INF174K01Z71,118.53,20
675,ASHAPURMIN,INE348A01023,308.75,100
676,GODREJCP,INE102D01028,987.5,20
677,ZODIACLOTH,INE206B01013,114.6,20
678,LGBBROSLTD,INE337A01034,1050.85,20
679,ANGELONE,INE732I01013,1865.7,20
680,MOGSEC,INF247L01AK4,52.84,10
681,ZFCVINDIA,INE342J01019,15289.7,20
682,HITECHCORP,INE120D01012,231,100
683,HEROMOTOCO,INE158A01026,3000.95,9.5
684,IONEXCHANG,INE570A01022,508.45,20
685,DHARMAJ,INE00OQ01016,211.25,20
686,GODREJPROP,INE484J01027,1553.6,20
687,JPASSOCIAT,INE455F01025,11.85,26.36
688,SBIETFCON,INF200KA1X17,86.26,20
689,RBA,INE07T201019,124.6,20
690,EVEREADY,INE128A01029,390,20
691,IGL,INE203G01027,456.2,20
692,GICRE,INE481Y01014,222.7,20
693,KOTHARIPET,INE720A01015,118.1,21.76
694,DPWIRES,INE864X01013,637.05,20
695,APOLLOHOSP,INE437A01024,5020.05,10.71
696,IPL,INE0D6701023,298.85,20
697,NAHARPOLY,INE308A01027,254.95,20.45
698,KEC,INE389H01022,664.5,20
699,SAIL,INE114A01011,94.35,20
700,SPIC,INE147A01011,72.7,20.08
701,KSOLVES,INE0D6I01015,1030.65,100
702,MASFIN,INE348L01012,878.85,20
703,LICHSGFIN,INE115A01026,455.6,20
704,INDIGO,INE646L01027,2387.15,20
705,TATASTEEL,INE081A01020,127.8,11.92
706,NSIL,INE023A01030,2526.25,20
707,SGBMAY29I,IN0020210053,5890.01,10
708,IDBI,INE008A01015,69.35,20
709,WORTH,INE196Y01018,108.2,20
710,REPL,INE364Z01019,189.5,20
711,SGBJAN26,IN0020170166,5852,10
712,ZENSARTECH,INE520A01027,519.55,20
713,SUPERHOUSE,INE712B01010,214.65,20
714,AXISGOLD,INF846K01W80,50.5,20
715,SMSPHARMA,INE812G01025,121.25,20
716,FIEMIND,INE737H01014,1811.05,20
717,MEDPLUS,INE804L01022,788.15,20
718,CARYSIL,INE482D01024,627.1,20
719,YATHARTH,INE0JO301016,362.4,20
720,OSWALAGRO,INE142A01012,30.35,21.35
721,PIXTRANS,INE751B01018,1081,20
722,ANDHRSUGAR,INE715B01021,119.25,20
723,SHK,INE500L01026,152.9,20
724,NUVOCO,INE118D01016,369.05,20
725,CUB,INE491A01021,129.25,20
726,MEP,INE776I01010,11.8,23.5
727,AGSTRA,INE583L01014,61.05,20
728,FIVESTAR,INE128S01021,688.65,20
729,SAGCEM,INE229C01021,222.45,20
730,UTKARSHBNK,INE735W01017,49.9,20
731,JAYBARMARU,INE571B01028,267.25,20
732,MENONBE,INE071D01033,145.9,20
733,JINDWORLD,INE247D01039,371.95,20
734,RVNL,INE415G01027,158.8,23.38
735,SATIN,INE836B01017,240,20.21
736,DHANBANK,INE680A01011,29,20.31
737,SUMMITSEC,INE519C01017,931.25,20
738,BAJAJFINSV,INE918I01026,1526.2,10.87
739,AURUM,INE898S01029,124.3,20
740,NEULANDLAB,INE794A01010,3574.45,22.49
741,BEML,INE258A01016,2357.95,20
742,GPPL,INE517F01014,127.05,20
743,SUNDARMFIN,INE660A01013,2916.05,20
744,JINDALPOLY,INE197D01010,688.4,20
745,EBBETF0425,INF754K01LD3,1153.93,6
746,KUANTUM,INE529I01021,176.6,20
747,RBLBANK,INE976G01028,226.35,20
748,HEALTHY,INF209KB10C2,9.72,20
749,FINOPB,INE02NC01014,322.65,20
750,OLECTRA,INE260D01016,1217.1,22.9
751,APOLSINHOT,INE451F01024,1504.5,100
752,MINDACORP,INE842C01021,326.5,20
753,LUMAXIND,INE162B01018,2389.85,20
754,VINATIORGA,INE410B01037,1854.8,20
755,RELIANCE,INE002A01018,2364.8,9
756,IMAGICAA,INE172N01012,53.25,25.32
757,ANURAS,INE930P01018,877.85,20
758,AHLUCONT,INE758C01029,695.65,20
759,TTL,INE592B01016,96.75,20
760,TALBROAUTO,INE187D01011,927.55,20
761,DEEPAKFERT,INE501A01019,612.15,20
762,HAPPSTMNDS,INE419U01012,922.95,20
763,UNIPARTS,INE244O01017,583.6,20
764,SFL,INE916U01025,1128.1,20
765,IWEL,INE0FLR01028,2523.05,20
766,JOCIL,INE839G01010,202.05,20
767,SUVENPHAR,INE03QK01018,536.2,20
768,KOTAKBANK,INE237A01028,1755.7,9
769,MOLDTECH,INE835B01035,360.75,26.33
770,INFY,INE009A01021,1501.75,9.97
771,GNA,INE934S01014,465.35,20
772,LIQUID,INF769K01KS1,999.99,20
773,MOQUALITY,INF247L01BH8,138.27,20
774,RAMCOIND,INE614A01028,178.7,20
775,MAGADSUGAR,INE347W01011,679.05,22.23
776,IFBIND,INE559A01017,920.3,20
777,MANAKALUCO,INE859Q01017,25.55,22.46
778,SHAREINDIA,INE932X01018,1346.25,20
779,DHANUKA,INE435G01025,844.75,20
780,SHANKARA,INE274V01019,726.55,20
781,ICICICONSU,INF109KC1V42,86.68,20
782,LATENTVIEW,INE0I7C01011,413.85,20
783,VARROC,INE665L01035,485.45,20
784,UDAICEMENT,INE225C01029,32.1,20
785,KANSAINER,INE531A01024,326.05,20
786,MOKSH,INE514Y01020,17.4,21.36
787,SBIN,INE062A01020,588.15,9.49
788,ICICIGOLD,INF109KC1NT3,51.8,20
789,DELTACORP,INE124G01033,175.45,20
790,LINDEINDIA,INE473A01011,5962.4,20
791,INDIANCARD,INE061A01014,256.3,20
792,AXISBNKETF,INF846K01X63,454.06,20
793,CAMLINFINE,INE052I01032,161.75,20
794,PRESTIGE,INE811K01011,604.75,20
795,DICIND,INE303A01010,442.2,20
796,GRASIM,INE047A01021,1911.5,9
797,NHPC,INE848E01016,52.35,20
798,SHILPAMED,INE790G01031,351.45,20
799,ARIHANTCAP,INE420B01036,67.9,22.48
800,INTLCONV,INE575C01027,83.7,20
801,DYNPRO,INE256H01015,355.1,21.28
802,NGLFINE,INE887E01022,1976.95,20
803,TECHM,INE669C01036,1291.65,10.64
804,SGBDEC2513,IN0020170158,5900,10
805,REDINGTON,INE891D01026,157.5,20
806,TAINWALCHM,INE123C01018,126.55,23.02
807,ALKEM,INE540L01014,3651.85,20
808,TNPL,INE107A01015,260.7,20
809,NTPC,INE733E01010,238.95,9.13
810,ICICIALPLV,INF109KC1N59,202.24,20
811,PIDILITIND,INE318A01026,2512.85,20
812,HERITGFOOD,INE978A01027,235.4,20
813,RENUKA,INE087H01022,53.65,20.53
814,GANECOS,INE845D01014,970.6,20
815,NEXT50,INF769K01FN2,458.12,20
816,JINDALSAW,INE324A01024,352.2,22.51
817,NECLIFE,INE023H01027,24.8,20.37
818,LICI,INE0J1Y01017,654.55,20
819,IBULHSGFIN,INE148I01020,189.15,22.15
820,UNIENTER,INE037A01022,162.95,20
821,PPLPHARMA,INE0DK501011,96.65,20
822,BLAL,INE0N7W01012,168.3,20
823,HDFCMID150,INF179KC1FA4,150.42,6.19
824,CENTUM,INE320B01020,1443.25,100
825,JBCHEPHARM,INE572A01036,1442.15,20
826,PAKKA,INE551D01018,221.8,20
827,ASTEC,INE563J01010,1324.4,20
828,PRAKASHSTL,INE696K01024,6.2,100
829,SUNFLAG,INE947A01014,201.2,22.44
830,MITCON,INE828O01033,77.8,20.36
831,HMVL,INE871K01015,70,100
832,SAKHTISUG,INE623A01011,32.65,24.35
833,LINCOLN,INE405C01035,501.85,20
834,SGBNOV26,IN0020180314,5890,10
835,SGBSEP28VI,IN0020200195,5881.82,10
836,RELAXO,INE131B01039,910.75,20
837,SGBDEC25,IN0020170125,5949,10
838,JAMNAAUTO,INE039C01032,119.95,20
839,HINDWAREAP,INE05AN01011,556.75,20.52
840,RAMRAT,INE207E01023,284.85,20
841,KABRAEXTRU,INE900B01029,449.8,20.64
842,MANGLMCEM,INE347A01017,361.3,20
843,SARVESHWAR,INE324X01026,5.1,100
844,CMSINFO,INE925R01014,352.8,20
845,SASTASUNDR,INE019J01013,273.9,20
846,INFRABEES,INF732E01268,643.39,20
847,ARVINDFASN,INE955V01021,316.05,20
848,JAICORPLTD,INE070D01027,207.35,20.6
849,SBICARD,INE018E01016,800,20
850,JINDRILL,INE742C01031,578.95,21.92
851,TEGA,INE011K01018,939.55,20
852,PHOENIXLTD,INE211B01039,1811.65,20
853,VLSFINANCE,INE709A01018,198.45,20
854,AUROPHARMA,INE406A01037,876.45,20
855,HINDMOTORS,INE253A01025,15.6,20
856,CERA,INE739E01017,8722.4,20
857,KOTAKMID50,INF174KA1IB3,116.61,7.37
858,BBETF0432,INF754K01OB1,1088.89,6
859,BFSI,INF769K01HI8,20.14,20
860,GATEWAY,INE079J01017,84.85,20
861,CELEBRITY,INE185H01016,17.25,23.87
862,SUPRAJIT,INE399C01030,411.1,20
863,INDNIPPON,INE092B01025,513.1,20
864,ORIENTPPR,INE592A01026,51.2,20
865,HINDUNILVR,INE030A01027,2473.35,9
866,LUPIN,INE326A01037,1127.3,20
867,TIRUMALCHM,INE338A01024,217.8,20
868,JSWISPL,INE743C01021,39,20
869,HERCULES,INE688E01024,313.7,20
870,ITBEES,INF204KB15V2,34.52,20
871,VRLLOG,INE366I01010,709.7,20
872,SETFGOLD,INF200KA16D8,51.76,20
873,AURIONPRO,INE132H01018,1223.1,100
874,MIDCAPETF,INF769K01IC9,15.12,20
875,AHLADA,INE00PV01013,100.3,20
876,DPABHUSHAN,INE266Y01019,524.95,20.35
877,SUDARSCHEM,INE659A01023,468.45,20
878,NUCLEUS,INE096B01018,983.5,22.59
879,AAKASH,INE087Z01024,5.95,100
880,BSLSENETFG,INF209KB10E8,64.7,6
881,LAURUSLABS,INE947Q01028,390.7,20
882,SUPREMEIND,INE195A01028,4076.75,20
883,TEMBO,INE869Y01010,241.7,20
884,LTIM,INE214T01019,5394.15,11.64
885,AMARAJABAT,INE885A01032,640.25,20
886,IBREALEST,INE069I01010,77.25,23.63
887,KAMDHENU,INE390H01012,296.5,20
888,KSB,INE999A01015,3122.35,20
889,SYMPHONY,INE225D01027,886.45,20
890,ATFL,INE209A01019,814.85,20
891,ARTEMISMED,INE025R01021,143.65,20.3
892,SGBOCT26,IN0020180249,5900,10
893,HINDOILEXP,INE345A01011,160.8,21.4
894,MON100,INF247L01AP3,121.75,7.4
895,VIPIND,INE054A01027,666.9,20
896,SUPRIYA,INE07RO01027,281.3,20
897,PTC,INE877F01012,132.5,20
898,KHADIM,INE834I01025,269.05,20
899,HDFCAMC,INE127D01025,2676.35,20
900,JUSTDIAL,INE599M01018,698.75,20
901,TATAMTRDVR,IN9155A01020,421.35,20
902,LICMFGOLD,INF397L01554,5400,20
903,ACE,INE731H01025,688.6,20
904,PTCIL,INE596F01018,5567.9,20
905,THOMASCOOK,INE332A01027,117,100
906,SGBJ28VIII,IN0020190537,5851,10
907,LIQUIDETF,INF740KA1EU7,1000,10
908,VIKASECO,INE806A01020,4,100
909,UJJIVANSFB,INE551W01018,49,20
910,GOLDIAM,INE025B01025,127.5,20
911,EMAMIPAP,INE830C01026,135.55,20
912,KALYANKJIL,INE303R01014,213.1,20
913,LIBAS,INE908V01012,13.2,20.88
914,SYRMA,INE0DYJ01015,538.8,20
915,HDFCNEXT50,INF179KC1DA9,453.48,8.16
916,SPANDANA,INE572J01011,753.2,20
917,LICNFNHGP,INF767K01PC8,210.99,6.65
918,BALRAMCHIN,INE119A01028,420.3,20
919,PATELENG,INE244B01030,51.9,24.06
920,BPL,INE110A01019,78.9,21.79
921,GPTINFRA,INE390G01014,92.5,100
922,SHIVATEX,INE705C01020,139.95,21.9
923,TATAELXSI,INE670A01012,7285.95,20
924,MIRCELECTR,INE831A01028,21.6,100
925,SGBMAR31IV,IN0020220169,5915.98,10
926,DBL,INE917M01012,303.4,20
927,URJA,INE550C01020,9.8,22.67
928,SGBJAN30IX,IN0020210236,5938.53,10
929,AARTISURF,INE09EO01013,653.65,20
930,XPROINDIA,INE445C01015,996.55,20.99
931,SIS,INE285J01028,426.1,20
932,ICICILIQ,INF109KC1KT9,1000,10
933,EXCELINDUS,INE369A01029,889.65,20
934,PNBHOUSING,INE572E01012,663.4,20
935,JISLDVREQS,IN9175A01010,31,100
936,NDTV,INE155G01029,215.5,23.04
937,LIKHITHA,INE060901027,307.9,20
938,PSUBNKBEES,INF204KB16I7,56.04,20
939,ADANIPORTS,INE742F01042,831.1,17.09
940,NIF100BEES,INF204K014N5,205.46,6
941,HINDZINC,INE267A01025,313.4,20
942,NYKAA,INE388Y01029,141.9,20
943,CENTEXT,INE281A01026,17.6,100
944,JISLJALEQS,INE175A01038,62.6,21.71
945,J&KBANK,INE168A01041,108.1,21.03
946,PENIND,INE932A01024,112.55,22.57
947,KOTAKNIFTY,INF174K014P6,212.54,6
948,SGBSEP29VI,IN0020210145,5872.02,10
949,PSB,INE608A01012,44.75,21.83
950,VIJAYA,INE043W01024,465.65,20
951,BANCOINDIA,INE213C01025,450.55,20
952,BANARBEADS,INE655B01011,91.25,20
953,METROPOLIS,INE112L01020,1420.9,20
954,AKZOINDIA,INE133A01011,2517.9,20
955,BALAJITELE,INE794B01026,65.75,20
956,OMAXE,INE800H01010,43.45,20
957,BSLNIFTY,INF209KB19D1,22.4,6
958,TTKPRESTIG,INE690A01028,781.2,20
959,HGINFRA,INE926X01010,950.6,20
960,PCBL,INE602A01031,165.45,20
961,INDBANK,INE841B01017,38.45,100
962,TATACOMM,INE151A01013,1874.65,20
963,AGRITECH,INE449G01018,195,100
964,PITTIENG,INE450D01021,590.95,20.3
965,SMCGLOBAL,INE103C01036,78.5,20
966,DATAPATTNS,INE0IX101010,2095.4,20
967,MMFL,INE227C01017,896.25,20
968,ORIENTHOT,INE750A01020,85.9,20
969,KIMS,INE967H01017,1986.25,20
970,SUVEN,INE495B01038,71.6,20
971,NRAIL,INE740D01017,366.2,20
972,SILVERETF,INF789F1AYK6,71.9,20
973,RAINBOW,INE961O01016,1034.4,20
974,AXISBPSETF,INF846K01Z04,11.18,20
975,ICICIAUTO,INF109KC1Y49,164.21,20
976,TEXRAIL,INE621L01012,130.25,23.34
977,SUNDRMFAST,INE387A01021,1201.35,20
978,ASHOKLEY,INE208A01029,179.35,20
979,HDFCNIFTY,INF179KC1965,215.82,6
980,AKSHARCHEM,INE542B01011,304.4,20
981,KOTAKBKETF,INF174K01F59,454.37,20
982,AMBER,INE371P01015,2929.85,20
983,NITCO,INE858F01012,18.6,20.6
984,VESUVIUS,INE386A01015,3036.9,20
985,GSPL,INE246F01010,288.05,20
986,SAKAR,INE732S01012,323.2,23.4
987,KOTAKIT,INF174KA1GC5,34.28,20
988,LOVABLE,INE597L01014,130.5,20
989,SGBDC27VII,IN0020190461,5900,10
990,CHEVIOT,INE974B01016,1171.45,20
991,TATAMOTORS,INE155A01022,627.05,12.3
992,HLEGLAS,INE461D01028,579.5,20
993,THYROCARE,INE594H01019,568.8,20
994,SGBNOV25IX,IN0020170117,5899.99,10
995,COMPINFO,INE070C01037,12.5,21.96
996,RADHIKAJWE,INE583V01021,37.25,20
997,NIFTYQLITY,INF209KB15K4,16.84,20
998,FORCEMOT,INE451A01017,3648.4,20
999,HESTERBIO,INE782E01017,1688.05,20
1000,WINDLAS,INE0H5O01029,353.45,20
1001,BATAINDIA,INE176A01028,1655.8,20
1002,BDL,INE171Z01018,1026.2,20
1003,INFIBEAM,INE483S01020,17.6,20
1004,ORIENTELEC,INE142Z01019,220.5,20
1005,TNPETRO,INE148A01019,91.5,20
1006,SPENCERS,INE020801028,68.9,20
1007,DCM,INE498A01018,72.8,20.84
1008,CSBBANK,INE679A01013,321.15,20
1009,HILTON,INE788H01017,166.25,20
1010,MOLDTKPAC,INE893J01029,914.05,20
1011,JKCEMENT,INE823G01014,3209,20
1012,UTISXN50,INF789F1AUU3,59.81,9.05
1013,PILANIINVS,INE417C01014,2173.9,20
1014,WABAG,INE956G01038,456.2,20
1015,AVANTIFEED,INE871C01038,436.2,20
1016,COSMOFIRST,INE757A01017,689.8,20
1017,AKSHOPTFBR,INE523B01011,11.55,23.17
1018,UTISENSETF,INF789FB1X58,712,6.67
1019,ASHOKA,INE442H01029,104.4,20
1020,RATNAMANI,INE703B01027,2598.45,20
1021,POLYMED,INE205C01021,1413.65,20
1022,COROMANDEL,INE169A01031,1086.9,20
1023,CIEINDIA,INE536H01010,482.55,20
1024,SGBDEC26,IN0020180389,5870,10
1025,SURYAROSNI,INE335A01012,977.4,20
1026,GLENMARK,INE935A01035,827.7,20
1027,LT,INE018A01030,2899.35,9
1028,ICICILOVOL,INF109KB10T8,164.09,20
1029,STARHEALTH,INE575P01011,604.85,20
1030,UTINEXT50,INF789F1AUW9,47.73,8.84
1031,TVSSRICHAK,INE421C01016,3004,20
1032,AXISBANK,INE238A01034,1014.45,9.33
1033,BGRENERGY,INE661I01014,69.1,20
1034,MAHASTEEL,INE451L01014,68.85,100
1035,TRACXN,INE0HMF01019,74.2,20
1036,RAILTEL,INE0DD101019,211.05,20
1037,ACCELYA,INE793A01012,1521,20
1038,BSLGOLDETF,INF209KB18D3,53.06,20
1039,COASTCORP,INE377E01016,255.4,20.81
1040,DYCL,INE600Y01019,471.15,100
1041,ADSL,INE102I01027,132.35,21.99
1042,JSWENERGY,INE121E01018,393.8,20
1043,BARBEQUE,INE382M01027,732.85,20
1044,VISAKAIND,INE392A01021,85.75,20
1045,TNIDETF,INF277KA1364,66.67,20
1046,KRISHANA,INE506W01012,435.95,20
1047,ELECTCAST,INE086A01029,64.3,20
1048,SUNDARMHLD,INE202Z01029,117,20
1049,VETO,INE918N01018,132.85,20
1050,SMLISUZU,INE294B01019,1168.75,20
1051,CAPACITE,INE264T01014,212.15,20.62
1052,BSE,INE118H01025,1175.65,20
1053,AJMERA,INE298G01027,355.15,20
1054,IPCALAB,INE571A01038,900.05,20
1055,FDC,INE258B01022,369.5,20
1056,INSECTICID,INE070I01018,473.4,20
1057,TASTYBITE,INE488B01017,15948.15,20
1058,GREENLAM,INE544R01021,428.4,20
1059,AEGISCHEM,INE208C01025,330.85,20
1060,VARDHACRLC,INE116G01013,53.8,20
1061,CENTRALBK,INE483A01010,46.9,20
1062,KIOCL,INE880L01014,319.2,22.83
1063,DBREALTY,INE879I01012,162.3,27.99
1064,HINDPETRO,INE094A01015,263.45,20
1065,NDL,INE875G01030,23.65,21.02
1066,KCPSUGIND,INE790B01024,34.55,20.66
1067,AVG,INE680Z01018,295,20
1068,BAJFINANCE,INE296A01024,7484.2,11.01
1069,NLCINDIA,INE589A01014,129.3,20
1070,NV20BEES,INF204KB18I3,118.77,20
1071,LTGILTBEES,INF204KB1882,24.42,10
1072,KESORAMIND,INE087A01019,87.9,100
1073,INGERRAND,INE177A01018,3037.2,20
1074,GENSOL,INE06H201014,1892.55,20
1075,ABBOTINDIA,INE358A01014,22838.35,20
1076,PARADEEP,INE088F01024,72,20
1077,ONMOBILE,INE809I01019,108,22.05
1078,ICICIBANKP,INF109KC1E35,230.67,20
1079,BRNL,INE727S01012,39.05,21.27
1080,POCL,INE063E01046,455.75,20
1081,UNIVCABLES,INE279A01012,477.25,23.46
1082,HEUBACHIND,INE492A01029,494.45,20
1083,MANAKSTEEL,INE824Q01011,47.05,22.17
1084,DEN,INE947J01015,51.75,20
1085,SCI,INE109A01011,139.15,20
1086,AVALON,INE0LCL01028,563.45,20
1087,ENIL,INE265F01028,145.25,20
1088,RUPA,INE895B01021,264.7,20
1089,IOC,INE242A01010,92.75,20
1090,GENCON,INE854S01022,45.5,100
1091,KANPRPLA,INE694E01014,117.25,20
1092,OBEROIRLTY,INE093I01010,1134,20
1093,ADFFOODS,INE982B01027,222,20
1094,STEL,INE577L01016,222.25,100
1095,BALKRISIND,INE787D01026,2529.3,20
1096,IEX,INE022Q01020,131.6,20
1097,SPORTKING,INE885H01011,807.05,20
1098,UNIDT,INE961D01019,257.05,20
1099,DSPGOLDETF,INF740KA1SW3,59.05,20
1100,ENDURANCE,INE913H01037,1615.1,20
1101,MIDHANI,INE099Z01011,403.65,20
1102,PAR,INE04LG01015,186.45,100
1103,DREAMFOLKS,INE0JS101016,476.7,20
1104,ZOTA,INE358U01012,390.7,20
1105,ANUP,INE294Z01018,2053.95,20
1106,PTL,INE034D01049,41.85,20
1107,ELIN,INE050401020,163.8,20
1108,KOTAKALPHA,INF174KA1IA5,34.31,20
1109,RTNPOWER,INE399K01017,6.9,24.46
1110,INDHOTEL,INE053A01029,406.8,20
1111,GANDHITUBE,INE524B01027,691,20
1112,PDMJEPAPER,INE865T01018,49.95,20
1113,HIMATSEIDE,INE049A01027,137.9,20
1114,AUTOBEES,INF204KC1337,164.7,20
1115,GENESYS,INE727B01026,356.35,22.07
1116,PNB,INE160A01022,75,20
1117,ISGEC,INE858B01029,726,20
1118,BIOFILCHEM,INE829A01014,49.55,20
1119,SEAMECLTD,INE497B01018,625.7,21.24
1120,FSL,INE684F01012,160.9,20
1121,NIPPOBATRY,INE567A01028,462.4,100
1122,HARIOMPIPE,INE00EV01017,571.3,20
1123,ULTRACEMCO,INE481G01011,8313.55,9
1124,ASTRAZEN,INE203A01020,4517.8,20
1125,TECH,INF209KB11D8,33.78,20
1126,PRINCEPIPE,INE689W01016,695.3,20
1127,BANKBARODA,INE028A01039,207.15,20
1128,PDSL,INE111Q01021,445.15,20
1129,CENTENKA,INE485A01015,426.15,20
1130,DSPQ50ETF,INF740KA1QL0,191.58,20
1131,ICICIGI,INE765G01017,1355.6,20
1132,GHCL,INE539A01019,611.4,20
1133,ICICINXT50,INF109KC1NS5,46.84,6.26
1134,QNIFTY,INF082J01028,2107.77,6
1135,SUNPHARMA,INE044A01036,1146.15,9
1136,GUJAPOLLO,INE826C01016,219.3,100
1137,QGOLDHALF,INF082J01408,50.03,20
1138,RAMCOCEM,INE331A01037,866.85,20
1139,TIIL,INE545H01011,1991.75,23.61
1140,PPL,INE050001010,259.55,20
1141,GLAND,INE068V01023,1694.85,20.48
1142,BEL,INE263A01024,135.25,20
1143,SAKSOFT,INE667G01023,330.25,21.54
1144,HONDAPOWER,INE634A01018,2721.25,20
1145,BLKASHYAP,INE350H01032,53,20
1146,SKIPPER,INE439E01022,217.8,26.19
1147,SGBNOV23,IN0020150085,5965,10
1148,FUSION,INE139R01012,589.7,20
1149,MAHESHWARI,INE263W01010,70.35,100
1150,RKEC,INE786W01010,65.15,26.74
1151,CONCOR,INE111A01025,740.35,20
1152,SWARAJENG,INE277A01016,1975.6,20
1153,SGBDEC25XI,IN0020170133,5988,10
1154,UGROCAP,INE583D01011,287.1,20
1155,SCPL,INE501Y01019,406.7,100
1156,GAIL,INE129A01019,121.2,20
1157,HPAL,INE0GSL01016,459.35,20
1158,AVADHSUGAR,INE349W01017,663.45,20
1159,PURVA,INE323I01011,106.25,20
1160,ICICIM150,INF109KC1G82,153.03,6.16
1161,LSIL,INE093R01011,42.25,100
1162,SMSLIFE,INE320X01016,517.35,20
1163,FAIRCHEMOR,INE0DNW01011,1104.5,20
1164,PATANJALI,INE619A01035,1285.7,100
1165,CREDITACC,INE741K01010,1319,20
1166,INDOAMIN,INE760F01028,120.55,21.53
1167,DELHIVERY,INE148O01028,429.9,20
1168,ABFRL,INE647O01011,216.4,20
1169,SYNCOMF,INE312C01025,8.5,20
1170,LICNETFN50,INF767K01OS7,214.11,6.16
1171,FINPIPE,INE183A01024,220.75,20
1172,SGBJU29III,IN0020210087,5905,10
1173,VSSL,INE050M01012,201.05,20
1174,IOB,INE565A01014,42.95,21.61
1175,AMBIKCO,INE540G01014,1605.7,20
1176,TMB,INE668A01016,546.85,20
1177,SCHAEFFLER,INE513A01022,3171.2,20
1178,DEVIT,INE060X01026,149.55,100
1179,VIKASLIFE,INE161L01027,5.3,26.4
1180,JTEKTINDIA,INE643A01035,143.75,20
1181,BUTTERFLY,INE295F01017,1242.5,20
1182,ICICIPRULI,INE726G01019,565.05,20
1183,GRWRHITECH,INE291A01017,1254.45,20
1184,ORIENTCER,INE569C01020,36.6,100
1185,QUICKHEAL,INE306L01010,219.4,20
1186,CHOICEIN,INE102B01014,407.6,20
1187,HATSUN,INE473B01035,1193.15,20
1188,ISEC,INE763G01038,617.4,20
1189,SUZLON,INE040H01021,25.5,25.99
1190,ABCAPITAL,INE674K01013,175.8,20
1191,PRECWIRE,INE372C01037,122.4,21.14
1192,UTIAMC,INE094J01016,778.45,20
1193,ASALCBR,INE073G01016,436,20
1194,BHARATRAS,INE838B01013,9093.4,20
1195,TIMETECHNO,INE508G01029,155.65,20
1196,SIMBHALS,INE748T01016,28.25,23.74
1197,NILAINFRA,INE937C01029,7,100
1198,BAJAJCON,INE933K01021,227.6,20
1199,GLOBUSSPR,INE615I01010,890.2,20
1200,MANINFRA,INE949H01023,143.95,20
1201,DIXON,INE935N01020,4849.45,20
1202,GOCLCORP,INE077F01035,424.35,20
1203,20MICRONS,INE144J01027,125.7,100
1204,MPSLTD,INE943D01017,1503.05,22.68
1205,THEMISMED,INE083B01016,1696.3,20
1206,MSUMI,INE0FS801015,63.9,20
1207,CYIENT,INE136B01020,1634.8,20
1208,SBGLP,INE05ST01010,347.7,20
1209,SGBMAY28,IN0020200088,5885,10
1210,AMRUTANJAN,INE098F01031,633.95,20
1211,KOTAKLOVOL,INF174KA1IY5,15.53,20
1212,GRAUWEIL,INE266D01021,128.45,20
1213,NATIONALUM,INE139A01034,94.05,20
1214,KSCL,INE455I01029,617.75,20
1215,BHARTIARTL,INE397D01024,917.95,9
1216,DALBHARAT,INE00R701025,2266,20
1217,BEPL,INE922A01025,89.95,20
1218,DALMIASUG,INE495A01022,435.15,20
1219,BCLIND,INE412G01016,541.9,20
1220,SILVER,INF209KB19F6,73.54,20
1221,STAR,INE939A01011,487.1,20
1222,SGIL,INE00QT01015,219.65,100
1223,RPOWER,INE614G01033,19,24.14
1224,ZEEMEDIA,INE966H01019,11.9,24.85
1225,NCLIND,INE732C01016,219.35,20
1226,BAJAJHCARE,INE411U01027,438.15,20
1227,LANDMARK,INE559R01029,799,20
1228,IVZINGOLD,INF205K01361,5240,20
1229,MHLXMIRU,INE112D01035,165.6,100
1230,3IINFOLTD,INE748C01038,37.75,20
1231,PRAJIND,INE074A01025,570.5,20
1232,KAKATCEM,INE437B01014,221.2,20
1233,MRPL,INE103A01014,93.45,20
1234,COCHINSHIP,INE704P01017,1038.85,21.07
1235,RANEHOLDIN,INE384A01010,1205.4,20
1236,DCW,INE500A01029,54.8,20
1237,BHARATFORG,INE465A01025,1098.8,20
1238,HARSHA,INE0JUS01029,429.9,20
1239,VEDL,INE205A01025,226.5,20
1240,POKARNA,INE637C01025,473.4,23.28
1241,WONDERLA,INE066O01014,614.85,20
1242,AMBUJACEM,INE079A01024,426.1,20
1243,GET&D,INE200A01026,389.85,21.07
1244,SANGAMIND,INE495C01010,340,21.25
1245,VOLTAS,INE226A01021,868.7,20
1246,SBIETFPB,INF200KA1S22,233.2,20
1247,GENUSPAPER,INE949P01018,19.25,21.03
1248,BIGBLOC,INE412U01025,167.7,21.79
1249,HCG,INE075I01017,352.65,20
1250,EDELWEISS,INE532F01054,53.55,20
1251,VBL,INE200M01021,914.5,20
1252,NAM-INDIA,INE298J01013,327.1,20
1253,CANFINHOME,INE477A01020,758.8,20
1254,TATAINVEST,INE672A01018,2632.05,20
1255,PARAS,INE045601015,712.95,20
1256,MAPMYINDIA,INE0BV301023,1689.5,20
1257,DLF,INE271C01023,516.9,20
1258,ICRA,INE725G01011,5595.95,20
1259,CARBORUNIV,INE120A01034,1160.2,20
1260,MSPL,INE752G01015,13.25,100
1261,NESCO,INE317F01035,688.95,20
1262,GOLDETF,INF769K01JP9,59.15,20
1263,SBIETFQLTY,INF200KA1WX6,175.56,20
1264,SRHHYPOLTD,INE917H01012,607.45,23.61
1265,SGBJUN27,IN0020190073,5862,10
1266,MAHSEAMLES,INE271B01025,575.05,20
1267,BALAMINES,INE050E01027,2244.95,20
1268,NAVINFLUOR,INE048G01026,4493.8,20
1269,HERANBA,INE694N01015,370.4,20
1270,ATALREAL,INE0ALR01011,84.25,100
1271,INDSWFTLAB,INE915B01019,86.65,24.64
1272,SGBJUL29IV,IN0020210111,5896.18,10
1273,RAMCOSYS,INE246B01019,316.5,20.15
1274,JMFINANCIL,INE780C01023,85.65,20
1275,BYKE,INE319B01014,38.35,20
1276,STEELCAS,INE124E01020,716.85,20
1277,LALPATHLAB,INE600L01024,2390.95,20
1278,JKPAPER,INE789E01012,381.2,20
1279,INDIACEM,INE383A01012,229.7,20
1280,GENUSPOWER,INE955D01029,266.2,22.66
1281,GPIL,INE177H01021,612.9,20
1282,BLUEDART,INE233B01017,6715.55,20
1283,TATAMETALI,INE056C01010,954,20
1284,SIGACHI,INE0D0K01014,385.7,20
1285,CAREERP,INE521J01018,196.25,100
1286,RELIGARE,INE621H01010,264.35,20
1287,HITECH,INE106T01025,87.55,20
1288,ICICICOMMO,INF109KC19O8,65.01,20
1289,PIONEEREMB,INE156C01018,49,20
1290,APTECHT,INE266F01018,287.7,20
1291,MOM100,INF247L01023,42.82,6.19
1292,KOLTEPATIL,INE094I01018,435.4,20
1293,TOTAL,INE336X01012,148.35,21.64
1294,CHEMBOND,INE995D01025,370.75,20
1295,RALLIS,INE613A01020,222.35,20
1296,DSPBANKETF,INF740KA1RX3,45,20
1297,MBAPL,INE900L01010,606.85,20
1298,GOODYEAR,INE533A01012,1298,20
1299,EMIL,INE02YR01019,150.4,100
1300,FINEORG,INE686Y01026,4979.5,20
1301,CIPLA,INE059A01026,1206.4,9
1302,LXCHEM,INE576O01020,286.25,20
1303,ANIKINDS,INE087B01017,37.85,100
1304,GREENPLY,INE461C01038,161.35,20
1305,SOMANYCERA,INE355A01028,691.8,20
1306,KINGFA,INE473D01015,2292.25,20
1307,KITEX,INE602G01020,196.1,20
1308,TEJASNET,INE010J01012,824.45,20
1309,MANAPPURAM,INE522D01027,137.5,20
1310,STLTECH,INE089C01029,161,20
1311,MAFANG,INF769K01HF4,62.49,20
1312,ZIMLAB,INE518E01015,118.35,20
1313,TCS,INE467B01029,3585.3,9
1314,EIDPARRY,INE126A01031,529.85,20
1315,NRL,INE0JM501013,99.35,20
1316,OSWALSEEDS,INE00IK01029,71.95,20
1317,DONEAR,INE668D01028,101.8,23.14
1318,PNBGILTS,INE859A01011,68,20
1319,LLOYDSME,INE281B01032,548.2,20
1320,KOTAKSILVE,INF174KA1KU9,71.69,20
1321,DWARKESH,INE366A01041,99.15,20
1322,ICICIINFRA,INF109KC16E5,63.05,20
1323,HUDCO,INE031A01017,72.2,20
1324,SGBFEB28IX,IN0020190545,5878,10
1325,POWERMECH,INE211R01019,4243.75,20
1326,TEXMOPIPES,INE141K01013,68.15,100
1327,NETWEB,INE0NT901020,810.4,20
1328,SHALPAINTS,INE849C01026,154.4,20
1329,IDFCFIRSTB,INE092T01019,93.4,20
1330,ROSSELLIND,INE847C01020,489.65,24.76
1331,WATERBASE,INE054C01015,83.55,20
1332,BAJAJ-AUTO,INE917I01010,5085.2,9
1333,WELENT,INE625G01013,282.15,20
1334,GLOBALVECT,INE792H01019,77,100
1335,PRICOLLTD,INE726V01018,317.55,20
1336,JKLAKSHMI,INE786A01032,639.5,20
1337,PRSMJOHNSN,INE010A01011,128.2,20
1338,CIGNITITEC,INE675C01017,796.65,20
1339,GRAVITA,INE024L01027,810.7,20
1340,BHEL,INE257A01026,124.25,20
1341,RPPL,INE760W01015,166.55,20
1342,HLVLTD,INE102A01024,20,23.97
1343,USHAMART,INE228A01035,321.6,20
1344,BOSCHLTD,INE323A01026,19187.85,20
1345,BIKAJI,INE00E101023,485,20
1346,SECURCRED,INE195Y01010,18.25,22.53
1347,DVL,INE477B01010,273.95,20
1348,RATEGAIN,INE0CLI01024,539.3,20
1349,HDFCQUAL,INF179KC1DL6,45.09,20
1350,CINELINE,INE704H01022,107.8,100
1351,RHL,INE508K01013,104.85,20
1352,CUPID,INE509F01011,396.25,20
1353,MAHSCOOTER,INE288A01013,7522.2,20
1354,DABUR,INE016A01026,560.15,20
1355,CHENNPETRO,INE178A01016,509.45,21.34
1356,AGARIND,INE204E01012,889.15,21.18
1357,EQUITASBNK,INE063P01018,85.4,20
1358,HDFCGROWTH,INF179KC1DJ0,101.26,20
1359,TAKE,INE142I01023,22.1,100
1360,ISFT,INE566K01011,141.25,21.75
1361,SPAL,INE212I01016,511.65,20
1362,LYKALABS,INE933A01014,110.5,20
1363,SURANASOL,INE272L01022,23.8,100
1364,KRBL,INE001B01026,406.6,20
1365,ICICINF100,INF109KA1962,216.27,6
1366,UMAEXPORTS,INE0GIU01018,47.15,100
1367,MAHKTECH,INF769K01HS7,14.13,20
1368,NIFTYBEES,INF204KB14I2,217.63,6
1369,SATIA,INE170E01023,132.35,20
1370,CPSEETF,INF457M01133,52.25,20
1371,LOWVOL,INF769K01JU9,152.21,20
1372,DOLATALGO,INE966A01022,47.15,20
1373,BANKA,INE862Y01015,71.9,20
1374,INTENTECH,INE781A01025,84.65,20.42
1375,KEI,INE878B01027,2573.6,20
1376,FIBERWEB,INE296C01020,34.8,20
1377,DODLA,INE021O01019,680.15,20
1378,UMANGDAIRY,INE864B01027,67.9,20
1379,ALPA,INE385I01010,73,20.95
1380,SGBNOV24,IN0020160076,5906,10
1381,VMART,INE665J01013,2074.75,20
1382,MARATHON,INE182D01020,433.8,20
1383,ALICON,INE062D01024,851.7,20
1384,JUBLFOOD,INE797F01020,535.45,20
1385,MCDOWELL-N,INE854D01024,1018.5,20
1386,SBILIFE,INE123W01016,1334.2,9
1387,AXISNIFTY,INF846K01W98,211.87,6
1388,SOLARINDS,INE343H01029,4591.95,20
1389,PARAGMILK,INE883N01014,200.6,20.1
1390,ZEEL,INE256A01028,267.25,20
1391,SONATSOFTW,INE269A01021,1079.2,20
1392,MAHLOG,INE766P01016,394.1,20
1393,CCL,INE421D01022,619.45,20
1394,DANGEE,INE688Y01022,10.75,22.34
1395,OFSS,INE881D01027,4254.4,20
1396,BSL,INE594B01012,168.55,100
1397,TBZ,INE760L01018,109.25,20
1398,JBMA,INE927D01044,1443.95,100
1399,BESTAGRO,INE052T01013,1163.5,20
1400,HEMIPROP,INE0AJG01018,119,20
1401,GOACARBON,INE426D01013,519.35,20.13
1402,CUMMINSIND,INE298A01020,1744.65,20
1403,GFLLIMITED,INE538A01037,87.5,20
1404,NBCC,INE095N01031,57.2,20
1405,REPCOHOME,INE612J01015,373.5,20
1406,AWHCL,INE01BK01022,319.4,20
1407,CAMS,INE596I01012,2500.8,20
1408,UJJIVAN,INE334L01012,493.2,20
1409,GUFICBIO,INE742B01025,286.4,20
1410,PSUBANKICI,INF109KC10S8,50.48,20
1411,MANGCHEFER,INE558B01017,107.75,20
1412,INDIGOPNTS,INE09VQ01012,1540.75,20
1413,SGBOC28VII,IN0020200203,5916.5,10
1414,NAZARA,INE418L01021,861.65,20
1415,HINDCOMPOS,INE310C01029,418.75,20
1416,STEELCITY,INE395H01011,63.2,20
1417,PREMEXPLN,INE863B01011,1016.6,100
1418,ZUARI,INE840M01016,155.6,20
1419,STYRENIX,INE189B01011,1063.85,20
1420,MAZDA,INE885E01034,998.4,20
1421,MATRIMONY,INE866R01028,585,20
1422,MPHASIS,INE356A01018,2488.1,20
1423,ICICI500,INF109KC1V59,29.09,6
1424,JUBLINGREA,INE0BY001018,470.15,20
1425,KOTAKGOLD,INF174KA1HJ8,50.41,20
1426,CLEDUCATE,INE201M01029,72.25,20
1427,SGBAUG30,IN0020220078,5911.48,10
1428,SSWL,INE802C01033,256.6,20
1429,BBTC,INE050A01025,1201.6,20
1430,FOSECOIND,INE519A01011,3342.15,20
1431,GSS,INE871H01011,206.85,20
1432,NIFTYETF,INF769K01EG9,208.22,20
1433,MOMENTUM,INF209KB14K7,22.87,20
1434,SPLPETRO,INE663A01033,471.45,20
1435,ZOMATO,INE758T01015,99.15,20
1436,SHREEPUSHK,INE712K01011,206.55,20
1437,BAYERCROP,INE462A01022,5260.2,20
1438,GMBREW,INE075D01018,680.1,20
1439,HFCL,INE548A01028,73.8,20
1440,CRISIL,INE007A01025,3833.9,20
1441,HUHTAMAKI,INE275B01026,253.85,20
1442,GTL,INE043A01012,8.3,100
1443,POWERGRID,INE752E01010,201.6,9.78
1444,HPL,INE495S01016,222.5,24.06
1445,PAISALO,INE420C01059,61.45,20
1446,GESHIP,INE017A01032,789.55,20
1447,APOLLOTYRE,INE438A01022,368.8,20
1448,SREEL,INE099F01013,231.9,20
1449,ANANDRATHI,INE463V01026,1586.9,20
1450,TARMAT,INE924H01018,79.55,22.78
1451,SGBDEC2512,IN0020170141,5890,10
1452,EMUDHRA,INE01QM01018,485.25,20
1453,RITCO,INE01EG01016,235.55,100
1454,SUNTV,INE424H01027,587.25,20
1455,UTINIFTETF,INF789FB1X41,2120.25,6
1456,ARCHIDPLY,INE877I01016,67.1,100
1457,UNIVASTU,INE562X01013,93.45,22.28
1458,DBCORP,INE950I01011,235.1,20
1459,ANMOL,INE02AR01019,42.15,100
1460,ITDCEM,INE686A01026,212.4,20
1461,AROGRANITE,INE210C01013,56.4,20
1462,KIRIINDUS,INE415I01015,271.15,20
1463,EXPLEOSOL,INE201K01015,1423.85,20
1464,OAL,INE959C01023,365.1,20.57
1465,RHIM,INE743M01012,751.6,20
1466,GOCOLORS,INE0BJS01011,1318.2,20
1467,RELCHEMQ,INE750D01016,200.4,20
1468,LOKESHMACH,INE397H01017,190,100
1469,MANORG,INE370D01013,386,20
1470,ROUTE,INE450U01017,1568.7,20
1471,BAJAJHIND,INE306A01021,25.75,25.49
1472,AGI,INE415A01038,877.65,23.28
1473,HDFCNIFBAN,INF179KC1AN8,451.15,20
1474,BRIGADE,INE791I01019,577.9,20
1475,WEBELSOLAR,INE855C01015,137.95,20.53
1476,BIRLACABLE,INE800A01015,319.2,26.29
1477,GULFOILLUB,INE635Q01029,541.6,20
1478,NH,INE410P01011,1070.45,20
1479,MCLEODRUSS,INE942G01012,22,100
1480,NESTLEIND,INE239A01016,22533.5,9
1481,SGBMR29XII,IN0020200427,5891.23,10
1482,WOCKPHARMA,INE049B01025,231.8,20
1483,ICICIMOM30,INF109KC17C7,23.1,20
1484,SANGHVIMOV,INE989A01024,670.4,20.16
1485,UNITEDTEA,INE458F01011,317.6,20
1486,GILT5YBEES,INF204KC1030,53.02,10
1487,ASTRAMICRO,INE386C01029,412.9,20
1488,AGROPHOS,INE740V01019,37.35,24.8
1489,KIRLOSBROS,INE732A01036,846.3,20.63
1490,EKC,INE184H01027,124.3,22.88
1491,HMAAGRO,INE0ECP01016,773.8,20
1492,KENNAMET,INE717A01029,2735.9,20
1493,SHREDIGCEM,INE232A01011,90.3,20
1494,UNIONBANK,INE692A01016,96.4,20
1495,PRUDENT,INE00F201020,1161.15,20
1496,DLINKINDIA,INE250K01012,317.75,21.53
1497,MOTHERSON,INE775A01035,96.35,20
1498,ASHIANA,INE365D01021,198.75,20
1499,INDORAMA,INE156A01020,52.2,20
1500,KIRLOSIND,INE250A01039,3327.8,20
1501,JETFREIGHT,INE982V01025,9.8,100
1502,SINDHUTRAD,INE325D01025,27.9,100
1503,BANSWRAS,INE629D01020,152.55,20.56
1504,RAMAPHO,INE809A01024,240.65,20
1505,ERIS,INE406M01024,811.75,20
1506,EIHOTEL,INE230A01023,228.65,20
1507,TITAGARH,INE615H01020,783.25,21.21
1508,CHOLAHLDNG,INE149A01033,1203.5,20
1509,DEVYANI,INE872J01023,207.1,20
1510,DTIL,INE341R01014,224.2,20
1511,EPIGRAL,INE071N01016,983.75,20
1512,PFOCUS,INE367G01038,93.9,23.42
1513,SKFINDIA,INE640A01023,5122.1,20
1514,SGBJUN31I,IN0020230069,5941.28,10
1515,STCINDIA,INE655A01013,124.05,21.96
1516,ICICINIFTY,INF109K012R6,216.31,6
1517,ISMTLTD,INE732F01019,75,20.57
1518,METROBRAND,INE317I01021,1086.4,20
1519,TORNTPOWER,INE813H01021,718,20
1520,IRCON,INE962Y01021,135.9,20.76
1521,TCNSBRANDS,INE778U01029,365.1,20
1522,NAVA,INE725A01022,450,21.36
1523,63MOONS,INE111B01023,286.1,23.28
1524,ASIANTILES,INE022I01019,63.05,20
1525,BBOX,INE676A01027,187.65,22.66
1526,POONAWALLA,INE511C01022,379.5,20
1527,LEMONTREE,INE970X01018,113,20
1528,TRF,INE391D01019,239.4,20.65
1529,KOKUYOCMLN,INE760A01029,135.05,100
1530,JINDALSTEL,INE749A01030,689.05,20
1531,360ONE,INE466L01038,516,20
1532,BLS,INE153T01027,262.6,20.26
1533,LAGNAM,INE548Z01017,66,100
1534,BLISSGVS,INE416D01022,91.8,20
1535,INDIAMART,INE933S01016,2987.95,20
1536,EMMBI,INE753K01015,107,20
1537,KOTARISUG,INE419A01022,55.7,100
1538,HDFCLOWVOL,INF179KC1DN2,152.77,20
1539,VGUARD,INE951I01027,303,20
1540,QUESS,INE615P01015,423.75,20
1541,GRINFRA,INE201P01022,1228.6,20
1542,MUKANDLTD,INE304A01026,165.65,20
1543,UTTAMSUGAR,INE786F01031,408.15,21.08
1544,MANYAVAR,INE825V01034,1312.45,20
1545,BBL,INE464A01028,3781.55,20
1546,HINDCON,INE642Y01011,124.45,100
1547,DYNAMATECH,INE221B01012,4254.4,20
1548,CESC,INE486A01021,90.25,20
1549,KICL,INE029L01018,2641.05,20
1550,ELGIRUBCO,INE819L01012,50.7,100
1551,SHEMAROO,INE363M01019,127.4,100
1552,SJS,INE284S01014,682,20
1553,KRSNAA,INE08LI01020,652.6,20
1554,PANAMAPET,INE305C01029,317.95,20
1555,VENKEYS,INE398A01010,1977.4,20
1556,ESABINDIA,INE284A01012,5027.1,20
1557,TEXINFRA,INE435C01024,70.3,20
1558,HEIDELBERG,INE578A01017,178.6,20
1559,NOVARTIND,INE234A01025,737.75,20
1560,LUXIND,INE150G01020,1519.35,20
1561,GSFC,INE026A01025,168.2,20
1562,VIMTALABS,INE579C01029,544.55,20
1563,ALEMBICLTD,INE426A01027,78.5,20
1564,BHARATGEAR,INE561C01019,123.45,20
1565,COALINDIA,INE522F01014,280.45,10.64
1566,ICICIFMCG,INF109KC1R48,533.18,20
1567,RAJRATAN,INE451D01029,757.6,20
1568,SUNTECK,INE805D01034,435.15,20
1569,MEDANTA,INE474Q01031,680.2,20
1570,BHAGYANGR,INE458B01036,69.85,100
1571,INDTERRAIN,INE611L01021,57.4,21.23
1572,GLAXO,INE159A01016,1555.8,20
1573,VSTIND,INE710A01016,3551.1,20
1574,ASAHIINDIA,INE439A01020,609.85,20
1575,ADVANIHOTR,INE199C01026,85.1,20
1576,EXXARO,INE0GFE01018,131.25,20
1577,PFC,INE134E01011,229.7,20
1578,SNOWMAN,INE734N01019,50.45,20
1579,CGCL,INE180C01026,798.3,20
1580,HGS,INE170I01016,1006.1,20
1581,LASA,INE670X01014,27,100
1582,ARIHANTSUP,INE643K01018,179.35,20
1583,CRAFTSMAN,INE00LO01017,4716.75,20
1584,MANORAMA,INE00VM01010,1810.1,20
1585,ABAN,INE421A01028,45.3,20
1586,DSPNEWETF,INF740KA1QK2,241.97,6.01
1587,XCHANGING,INE692G01013,92.15,20
1588,CAPTRUST,INE707C01018,100.7,24.16
1589,MANINDS,INE993A01026,172.1,21.32
1590,MANAKSIA,INE015D01022,138,22
1591,PRECAM,INE484I01029,276.45,25.97
1592,SGBFEB29XI,IN0020200393,5890.16,10
1593,VERTOZ,INE188Y01015,266.9,100
1594,KCP,INE805C01028,114.6,20
1595,SGBJAN27,IN0020180462,5831,10
1596,ZYDUSWELL,INE768C01010,1600.35,20
1597,ICICIQTY30,INF109KC15T5,165.66,20
1598,LUMAXTECH,INE872H01027,364.1,20
1599,ICIL,INE483B01026,240.2,20.81
1600,JAGSNPHARM,INE048B01027,416.55,20
1601,HIRECT,INE835D01023,354.8,100
1602,HEG,INE545A01016,1723,20
1603,ELECON,INE205B01023,705.1,20.63
1604,SUBROS,INE287B01021,399.45,20
1605,SHYAMMETL,INE810G01011,431.35,20
1606,INOXWIND,INE066P01011,197.25,21.38
1607,SHIVALIK,INE788J01021,699.6,20
1608,CROMPTON,INE299U01018,300.8,20
1609,JPPOWER,INE351F01018,10.45,22.78
1610,MACPOWER,INE155Z01011,293.95,21.96
1611,GALLANTT,INE297H01019,94,20
1612,EBBETF0433,INF754K01QX0,1053,20
1613,SETFNIFBK,INF200KA1580,450.99,20
1614,KOTAKMNC,INF174KA1JF2,22.07,20
1615,WELCORP,INE191B01025,394.2,20
1616,HDFCGOLD,INF179KC1981,51.75,20
1617,DEEPINDS,INE0FHS01024,255.2,20.1
1618,TATACOFFEE,INE493A01027,255.6,20
1619,CAMPUS,INE278Y01022,293.95,20
1620,AMIORG,INE00FF01017,1267.65,20
1621,DHRUV,INE506Z01015,60.9,20
1622,TECHNOE,INE285K01026,515.45,20
1623,JSL,INE220G01021,463.1,20
1624,RANEENGINE,INE222J01013,305.5,100
1625,SGBFEB27,IN0020180561,5832.03,10
1626,PODDARMENT,INE371C01013,351.85,20
1627,JMA,INE412C01023,76.7,20
1628,CSLFINANCE,INE718F01018,336.7,20
1629,MUTHOOTCAP,INE296G01013,407.25,20
1630,GREAVESCOT,INE224A01026,140.15,20
1631,BHARATWIRE,INE316L01019,255,22.93
1632,SCHAND,INE807K01035,276.35,20.51
1633,MOL,INE0CT101020,80.3,20
1634,EASEMYTRIP,INE07O001026,43.05,20
1635,PPAP,INE095I01015,247.4,22.62
1636,BASML,INE186H01022,47.9,20
1637,MONQ50,INF247L01AU3,53.82,6.46
1638,VINDHYATEL,INE707A01012,2295.3,20
1639,RPSGVENT,INE425Y01011,593.35,20
1640,MTARTECH,INE864I01014,2526.6,20
1641,PRITIKAUTO,INE583R01029,20.9,100
1642,KPIL,INE220B01022,632.6,20
1643,AARTIIND,INE769A01020,503.1,20
1644,JAGRAN,INE199G01027,99.15,20
1645,RANASUG,INE625B01014,27.9,20
1646,NETWORK18,INE870H01013,67.35,20
1647,VOLTAMP,INE540H01012,5005.3,20
1648,IRCTC,INE335Y01020,671.3,20
1649,SALASAR,INE170V01027,51.5,20.43
1650,FACT,INE188A01015,525.35,28.34
1651,ICICISILVE,INF109KC1Y56,73.62,20
1652,KHAICHEM,INE745B01028,66.6,20
1653,RKFORGE,INE399G01023,628.15,20
1654,HITECHGEAR,INE127B01011,377.8,20.89
1655,SAPPHIRE,INE806T01012,1460.1,20
1656,MASPTOP50,INF769K01HP3,32.23,6.38
1657,IGARASHI,INE188B01013,600.05,20
1658,SUNDRMBRAK,INE073D01013,499.1,100
1659,TARSONS,INE144Z01023,539.4,20
1660,SGBJAN29X,IN0020200385,5895,10
1661,KSL,INE907A01026,515.25,20
1662,TEAMLEASE,INE985S01024,2532.5,20
1663,GNFC,INE113A01013,601.55,20
1664,GMRP&UI,INE0CU601026,41.75,24.56
1665,HTMEDIA,INE501G01024,25.7,20
1666,VISHWARAJ,INE430N01022,18.5,20
1667,ETHOSLTD,INE04TZ01018,1745.15,20
1668,KANORICHEM,INE138C01024,125.5,20.74
1669,5PAISA,INE618L01018,424.95,20
1670,TCI,INE688A01022,792.25,20
1671,KPITTECH,INE04I401011,1077.6,20
1672,VIPCLOTHNG,INE450G01024,44.75,100
1673,DCMSHRIRAM,INE499A01024,1060.6,20
1674,TTKHLTCARE,INE910C01018,1174.95,20
1675,LTTS,INE010V01017,4660.25,20
1676,GRAPHITE,INE371A01025,501.85,20
1677,MAXHEALTH,INE027H01010,556.25,20
1678,GODREJAGRO,INE850D01014,479.4,20
1679,JKIL,INE576I01022,394.35,20
1680,IDEA,INE669E01016,10.85,22.76
1681,SJVN,INE002L01015,71.05,20
1682,AIAENG,INE212H01026,3566.3,20
1683,UFLEX,INE516A01017,436.3,20
1684,ALLCARGO,INE418H01029,267.6,20
1685,RITES,INE320J01015,497.95,20
1686,SHAILY,INE151G01010,1703.55,20
1687,EPL,INE255A01020,195.25,20
1688,IKIO,INE0LOJ01019,352.25,20
1689,MARICO,INE196A01026,574.65,20
1690,APEX,INE346W01013,224.8,20
1691,SANDESH,INE583B01015,1030.55,20
1692,GRANULES,INE101D01020,323.2,20
1693,ICICIBANK,INE090A01021,959.3,9
1694,AXISTECETF,INF846K01Y96,343.06,20
1695,SBIETFIT,INF200KA1S14,347.23,20
1696,HDFCSML250,INF179KC1FB2,120.91,6
1697,ZENTEC,INE251B01027,696.1,100
1698,ASIANPAINT,INE021A01026,3244.2,9
1699,AVONMORE,INE323B01016,77.45,100
1700,RIIL,INE046A01015,951.9,20
1701,COFFEEDAY,INE335K01011,49.95,29.84
1702,PRIVISCL,INE959A01019,1200,20
1703,FMGOETZE,INE529A01010,360.45,20
1704,BALMLAWRIE,INE164A01016,152.95,20
1705,KAMATHOTEL,INE967C01018,202.5,20.95
1706,KOVAI,INE177F01017,2585.55,20
1707,GICHSGFIN,INE289B01019,205.1,20
1708,SURYODAY,INE428Q01011,158.45,20
1709,CASTROLIND,INE172A01027,140.7,20
1710,DIGISPICE,INE927C01020,34.75,100
1711,IRB,INE821I01022,29.5,20
1712,NELCAST,INE189I01024,122.15,20
1713,OCCL,INE321D01016,799.95,20
1714,TAJGVK,INE586B01026,230.75,20