Confirmed list of securities to be auctioned in A 2023178 to be held on Sep 21 2023.

Sr No,Symbol,Series,Total Qty
1,AAATECH,EQ,121
2,AARTIIND,EQ,3
3,ABSLAMC,EQ,20
4,ADANIENSOL,EQ,23
5,AGI,EQ,11
6,AIRTELPP,E1,530
7,ALOKINDS,EQ,10
8,AMRUTANJAN,EQ,1
9,ARENTERP,EQ,5210
10,ASAHIINDIA,EQ,34
11,ASHAPURMIN,EQ,300
12,ATUL,EQ,1
13,AXISBANK,EQ,95
14,BAIDFIN,EQ,900
15,BALRAMCHIN,EQ,14
16,BANKINDIA,EQ,30
17,BBTC,EQ,10
18,BCG,EQ,677
19,BERGEPAINT,EQ,2
20,BFUTILITIE,EQ,563
21,BGRENERGY,EQ,2
22,BHARATGEAR,EQ,7
23,BHARTIARTL,EQ,1
24,BIGBLOC,EQ,2
25,BIRLACABLE,EQ,80
26,BLUESTARCO,EQ,25
27,BODALCHEM,EQ,406
28,BPL,EQ,3
29,CANBK,EQ,30
30,COALINDIA,EQ,500
31,CONCOR,EQ,9000
32,CONFIPET,EQ,100
33,CREDITACC,EQ,10
34,CUPID,EQ,1
35,DATAPATTNS,EQ,34
36,DCBBANK,EQ,2
37,DELTACORP,EQ,414
38,DEN,EQ,150
39,DHANBANK,EQ,4
40,DONEAR,EQ,37
41,EBBETF0425,EQ,42
42,EBBETF0433,EQ,23
43,EIHAHOTELS,EQ,1
44,EIHOTEL,EQ,5
45,EIMCOELECO,EQ,17
46,EPL,EQ,15
47,EROSMEDIA,EQ,43
48,FEDERALBNK,EQ,10
49,GET&D,EQ,310
50,GICRE,EQ,1
51,GPIL,EQ,1
52,GPPL,EQ,1000
53,GRANULES,EQ,401
54,GRAPHITE,EQ,20
55,GRASIM,EQ,2
56,GRAVITA,EQ,10
57,GRCL,SM,4000
58,GSPL,EQ,100
59,GVKPIL,EQ,70467
60,HAL,EQ,15
61,HAPPSTMNDS,EQ,9
62,HARIOMPIPE,EQ,1
63,HATHWAY,EQ,40
64,HCLTECH,EQ,5
65,HEG,EQ,2
66,HEROMOTOCO,EQ,5
67,HFCL,EQ,1020
68,HINDCOPPER,EQ,172
69,HUBTOWN,EQ,9337
70,HUDCO,EQ,5000
71,ICICILOVOL,EQ,75
72,IDFCFIRSTB,EQ,1
73,IEX,EQ,2113
74,IGPL,EQ,5
75,IMFA,EQ,10
76,INDIACEM,EQ,500
77,INDIANB,EQ,10
78,INDNIPPON,EQ,1
79,INDUSINDBK,EQ,3
80,INVENTURE,EQ,7843
81,IOC,EQ,1200
82,IRCTC,EQ,150
83,IRISDOREME,EQ,1
84,ITBEES,EQ,279
85,ITC,EQ,1
86,JINDALPHOT,EQ,16887
87,JINDALSTEL,EQ,50
88,JIOFIN,EQ,31879
89,JKPAPER,EQ,84
90,JLHL,EQ,120
91,JSWENERGY,EQ,100
92,KAMATHOTEL,EQ,2300
93,KARURVYSYA,EQ,1999
94,KAUSHALYA,EQ,72
95,KIOCL,EQ,13009
96,KOTAKMID50,EQ,105
97,KRSNAA,EQ,1
98,KTKBANK,EQ,601
99,LALPATHLAB,EQ,1
100,LAMBODHARA,EQ,100
101,LANDMARK,EQ,3
102,LXCHEM,EQ,6
103,MANAPPURAM,EQ,1454
104,MANGLMCEM,EQ,4
105,MARICO,EQ,27
106,MARUTI,EQ,45
107,MCX,EQ,9
108,MEDICAMEQ,EQ,1
109,MMTC,EQ,21
110,MRPL,EQ,51
111,NAGAFERT,EQ,1
112,NAHARSPING,EQ,1
113,NAVINFLUOR,EQ,1
114,NAVKARCORP,EQ,9
115,NBCC,EQ,10
116,NCC,EQ,900
117,NEXTMEDIA,EQ,93
118,NFL,EQ,466
119,NHPC,EQ,10
120,NIACL,EQ,301
121,NIF100BEES,EQ,119
122,NIITLTD,EQ,10
123,NIITMTS,EQ,4
124,NTPC,N7,614
125,ONGC,EQ,1000
126,ORIENTELEC,EQ,3
127,PARSVNATH,EQ,33
128,PAYTM,EQ,16
129,PFIZER,EQ,7
130,PFOCUS,EQ,1
131,PNB,EQ,1
132,PNCINFRA,EQ,1
133,POLYCAB,EQ,260
134,POWERGRID,EQ,1
135,PRAKASH,EQ,25
136,PRECWIRE,EQ,1
137,PRICOLLTD,EQ,1
138,PVRINOX,EQ,29
139,RADIOCITY,EQ,1113
140,RAILTEL,EQ,500
141,RAMAPHO,EQ,1
142,RAMKY,EQ,210
143,RATEGAIN,EQ,5
144,RECLTD,EQ,30
145,RELCHEMQ,EQ,50
146,RIIL,EQ,1
147,RISHABH,EQ,59
148,ROML,EQ,789
149,RPOWER,EQ,275737
150,RRKABEL,EQ,281
151,RVNL,EQ,10
152,SAIL,EQ,2427
153,SATIN,EQ,4
154,SBFC,EQ,50
155,SCI,EQ,6751
156,SGL,EQ,687
157,SHANTIGEAR,EQ,1
158,SHREYAS,EQ,1
159,SIEMENS,EQ,500
160,SILVRETF,EQ,247
161,SKFINDIA,EQ,1
162,SKMEGGPROD,EQ,9
163,SNOWMAN,EQ,1
164,STCINDIA,EQ,1
165,SUNDARAM,EQ,1541
166,SUZLON,EQ,3750
167,SYMPHONY,EQ,1
168,SYRMA,EQ,250
169,TATACONSUM,EQ,3
170,TATAELXSI,EQ,435
171,TATAPOWER,EQ,100
172,TATASTEEL,EQ,50
173,TECHNOE,EQ,1
174,TEJASNET,EQ,100
175,THYROCARE,EQ,50
176,TIMETECHNO,EQ,146
177,TRF,EQ,3
178,TRIL,EQ,50
179,UCOBANK,EQ,100
180,UJJIVANSFB,EQ,1919
181,UNIONBANK,EQ,30
182,UPL,EQ,1
183,UTIAMC,EQ,200
184,VARROC,EQ,145
185,VIDHIING,EQ,3
186,VIKASLIFE,EQ,1002
187,VPRPL,EQ,5
188,VTL,EQ,25
189,WEBELSOLAR,EQ,933
190,WIPRO,EQ,71
191,YESBANK,EQ,1352
192,ZOMATO,EQ,38838
