Date,Symbol,Security Name,Client Name,Buy/Sell,Quantity Traded,Trade Price / Wght. Avg. Price,Remarks
21-SEP-2023,ADROITINFO,Adroit Infotech Limited,DREAM ACHIEVER CONSULTANCY SERVICES PRIVATE LIMITED,BUY,504734,28.00,-
21-SEP-2023,ARENTERP,Rajdharshan Inds Ltd,ABHINAV AGARWAL,BUY,15625,55.18,-
21-SEP-2023,AROGRANITE,Aro Granite Industries Li,JATESH JAIN,BUY,87653,59.16,-
21-SEP-2023,AVG,AVG Logistics Limited,ARNOLD HOLDINGS LTD,BUY,150000,282.58,-
21-SEP-2023,BAJAJHCARE,Bajaj Healthcare Limited,GRAVITON RESEARCH CAPITAL LLP,BUY,139959,447.41,-
21-SEP-2023,CELEBRITY,Celebrity Fashions Limite,PRRSAAR COMMODITIES PVT LTD,BUY,462151,17.58,-
21-SEP-2023,CELEBRITY,Celebrity Fashions Limite,QE SECURITIES LLP,BUY,413483,17.64,-
21-SEP-2023,DCAL,Dishman Carbo Amcis Ltd,GRAVITON RESEARCH CAPITAL LLP,BUY,1171855,172.09,-
21-SEP-2023,DHANBANK,Dhanlaxmi Bank Limited,HRTI PRIVATE LIMITED,BUY,1781406,29.54,-
21-SEP-2023,EMIL,Electronics Mart Ind Ltd,MOTILAL OSWAL MUTUAL FUND,BUY,6040000,143.00,-
21-SEP-2023,EMSLIMITED,EMS Limited,AALIDHRA TEXTOOL ENGINEERS PRIVATE LIMITED,BUY,300000,282.64,-
21-SEP-2023,EMSLIMITED,EMS Limited,SANATAN FINANCIAL ADVISORY SERVICES PRIVATE LIMITE,BUY,310000,278.89,-
21-SEP-2023,EMSLIMITED,EMS Limited,MUSIGMA SECURITIES,BUY,534854,278.53,-
21-SEP-2023,EMSLIMITED,EMS Limited,GOLDMINE STOCKS PRIVATE LIMITED,BUY,285199,280.43,-
21-SEP-2023,EMSLIMITED,EMS Limited,MARWADI CHANDARANA INTERMEDIARIES BROKERS PRIVATE LIMITED,BUY,803524,280.23,-
21-SEP-2023,EMSLIMITED,EMS Limited,QNANCE TECHNOLOGIES LLP,BUY,382209,280.31,-
21-SEP-2023,EMSLIMITED,EMS Limited,GRT STRATEGIC VENTURES LLP,BUY,306108,279.58,-
21-SEP-2023,EMSLIMITED,EMS Limited,GRAVITON RESEARCH CAPITAL LLP,BUY,736116,278.83,-
21-SEP-2023,EMSLIMITED,EMS Limited,NK SECURITIES RESEARCH PRIVATE LIMITED,BUY,825205,280.81,-
21-SEP-2023,EMSLIMITED,EMS Limited,BOFA SECURITIES EUROPE SA,BUY,288220,283.79,-
21-SEP-2023,IPL,India Pesticides Limited,MSB E TRADE SECURITIES LIMITED,BUY,1433435,302.99,-
21-SEP-2023,JINDALPHOT,Jindal Photo Limited,NK SECURITIES RESEARCH PRIVATE LIMITED,BUY,143209,515.49,-
21-SEP-2023,JINDALPHOT,Jindal Photo Limited,JAINAM BROKING LIMITED,BUY,62597,522.44,-
21-SEP-2023,JINDALPHOT,Jindal Photo Limited,GRAVITON RESEARCH CAPITAL LLP,BUY,152776,505.22,-
21-SEP-2023,KAUSHALYA,Kaushalya Infrastructure,PRITHVI  FINMART  PRIVATE LIMITED,BUY,195925,6.37,-
21-SEP-2023,MADHAV,Madhav Marbles and Granit,MITTAL RIMPY,BUY,145634,49.78,-
21-SEP-2023,MOKSH,Moksh Ornaments Limited,QE SECURITIES LLP,BUY,328557,17.76,-
21-SEP-2023,MOKSH,Moksh Ornaments Limited,PRRSAAR COMMODITIES PVT LTD,BUY,289917,17.71,-
21-SEP-2023,NGIL-RE1,Nakoda Grp of Ind Ltd,NITIN KESHAVJIBHAI RUPAPARA,BUY,10000,4.55,-
21-SEP-2023,NGIL-RE1,Nakoda Grp of Ind Ltd,ROHITKUMAR JAYANTIBHAI BHADANI,BUY,12050,4.70,-
21-SEP-2023,NGIL-RE1,Nakoda Grp of Ind Ltd,JEETENDRA RAMCHAND KAMNANI,BUY,53500,4.54,-
21-SEP-2023,NGIL-RE1,Nakoda Grp of Ind Ltd,VARSHA JITENDRA KAMNANI,BUY,21610,4.23,-
21-SEP-2023,NGIL-RE1,Nakoda Grp of Ind Ltd,SEBASTIAN AROKIASAMY,BUY,10000,4.70,-
21-SEP-2023,NGIL-RE1,Nakoda Grp of Ind Ltd,ASHWINI NAMDEO BANKAR,BUY,2156,5.70,-
21-SEP-2023,NGIL-RE1,Nakoda Grp of Ind Ltd,RINABEN ISHVARBHAI VADIYA,BUY,20000,5.30,-
21-SEP-2023,PANACEABIO,Panacea Biotec Ltd.,CRONY VYAPAR PVT LTD,BUY,1806496,167.06,-
21-SEP-2023,PANACEABIO,Panacea Biotec Ltd.,GRAVITON RESEARCH CAPITAL LLP,BUY,813205,166.64,-
21-SEP-2023,PANACEABIO,Panacea Biotec Ltd.,QE SECURITIES LLP,BUY,323559,165.51,-
21-SEP-2023,PANACEABIO,Panacea Biotec Ltd.,HRTI PRIVATE LIMITED,BUY,559449,166.76,-
21-SEP-2023,PANACEABIO,Panacea Biotec Ltd.,CITADEL SECURITIES INDIA MARKETS PRIVATE LIMITED,BUY,341581,167.98,-
21-SEP-2023,PRAXIS,Praxis Home Retail Ltd,FIRST RANK LLP,BUY,2841873,27.00,-
21-SEP-2023,SGL,STL Global Limited,ANKITA VISHAL SHAH,BUY,216493,21.19,-
21-SEP-2023,SOUTHBANK,South Indian Bank Ltd.,HRTI PRIVATE LIMITED,BUY,19721357,26.36,-
21-SEP-2023,TRF,TRF Limited,HRTI PRIVATE LIMITED,BUY,78264,246.74,-
21-SEP-2023,TRF,TRF Limited,GRAVITON RESEARCH CAPITAL LLP,BUY,228292,249.48,-
21-SEP-2023,TRF,TRF Limited,SUDHA JAWAHAR SHAH,BUY,27000,245.88,-
21-SEP-2023,UNIHEALTH,Unihealth Consultancy Ltd,ANANT WEALTH CONSULTANTS PRIVATE LIMITED,BUY,239000,136.76,-
21-SEP-2023,UNIHEALTH,Unihealth Consultancy Ltd,NIRAJ RAJNIKANT SHAH,BUY,320000,135.48,-
21-SEP-2023,VAISHALI,Vaishali Pharma Limited,JAINAM BROKING LIMITED,BUY,63138,122.89,-
21-SEP-2023,VIKASLIFE,Vikas Lifecare Limited,HI GROWTH CORPORATE SERVICES PVT LTD,BUY,10950111,5.37,-
21-SEP-2023,ADROITINFO,Adroit Infotech Limited,DREAM ACHIEVER CONSULTANCY SERVICES PRIVATE LIMITED,SELL,128357,27.08,-
21-SEP-2023,ADROITINFO,Adroit Infotech Limited,SOFTPOINT TECHNOLOGIES PRIVATE LIMITED,SELL,500000,28.00,-
21-SEP-2023,ARENTERP,Rajdharshan Inds Ltd,ABHINAV AGARWAL,SELL,287,56.74,-
21-SEP-2023,AROGRANITE,Aro Granite Industries Li,JATESH JAIN,SELL,87653,58.33,-
21-SEP-2023,AVG,AVG Logistics Limited,SIXTH SENSE INDIA OPPORTUNITIES 11,SELL,117559,288.58,-
21-SEP-2023,BAJAJHCARE,Bajaj Healthcare Limited,GRAVITON RESEARCH CAPITAL LLP,SELL,139959,448.26,-
21-SEP-2023,CELEBRITY,Celebrity Fashions Limite,PRRSAAR COMMODITIES PVT LTD,SELL,450251,17.64,-
21-SEP-2023,CELEBRITY,Celebrity Fashions Limite,QE SECURITIES LLP,SELL,413481,17.56,-
21-SEP-2023,DCAL,Dishman Carbo Amcis Ltd,GRAVITON RESEARCH CAPITAL LLP,SELL,1171855,172.07,-
21-SEP-2023,DENTALKART,Vasa Denticity Limited,MAVEN INDIA FUND,SELL,100000,443.00,-
21-SEP-2023,DHANBANK,Dhanlaxmi Bank Limited,HRTI PRIVATE LIMITED,SELL,1999222,29.66,-
21-SEP-2023,EMIL,Electronics Mart Ind Ltd,PAVAN KUMAR BAJAJ,SELL,9618718,143.03,-
21-SEP-2023,EMSLIMITED,EMS Limited,MUSIGMA SECURITIES,SELL,534854,278.65,-
21-SEP-2023,EMSLIMITED,EMS Limited,MARWADI CHANDARANA INTERMEDIARIES BROKERS PRIVATE LIMITED,SELL,803524,277.02,-
21-SEP-2023,EMSLIMITED,EMS Limited,QNANCE TECHNOLOGIES LLP,SELL,379306,280.44,-
21-SEP-2023,EMSLIMITED,EMS Limited,GRT STRATEGIC VENTURES LLP,SELL,306108,279.71,-
21-SEP-2023,EMSLIMITED,EMS Limited,GRAVITON RESEARCH CAPITAL LLP,SELL,736116,279.28,-
21-SEP-2023,EMSLIMITED,EMS Limited,GOLDMINE STOCKS PRIVATE LIMITED,SELL,285199,280.61,-
21-SEP-2023,EMSLIMITED,EMS Limited,NK SECURITIES RESEARCH PRIVATE LIMITED,SELL,825205,280.96,-
21-SEP-2023,EMSLIMITED,EMS Limited,BOFA SECURITIES EUROPE SA,SELL,9363,282.66,-
21-SEP-2023,IPL,India Pesticides Limited,MSB E TRADE SECURITIES LIMITED,SELL,1433435,303.09,-
21-SEP-2023,JINDALPHOT,Jindal Photo Limited,NK SECURITIES RESEARCH PRIVATE LIMITED,SELL,143849,516.13,-
21-SEP-2023,JINDALPHOT,Jindal Photo Limited,JAINAM BROKING LIMITED,SELL,16597,534.89,-
21-SEP-2023,JINDALPHOT,Jindal Photo Limited,GRAVITON RESEARCH CAPITAL LLP,SELL,152776,506.95,-
21-SEP-2023,KAUSHALYA,Kaushalya Infrastructure,PRITHVI  FINMART  PRIVATE LIMITED,SELL,167367,6.43,-
21-SEP-2023,MADHAV,Madhav Marbles and Granit,MITTAL RIMPY,SELL,138285,49.98,-
21-SEP-2023,MOKSH,Moksh Ornaments Limited,PRRSAAR COMMODITIES PVT LTD,SELL,289078,17.76,-
21-SEP-2023,MOKSH,Moksh Ornaments Limited,QE SECURITIES LLP,SELL,328557,17.71,-
21-SEP-2023,NGIL-RE1,Nakoda Grp of Ind Ltd,JOLLE FASHIONS PRIVATE LIMITED,SELL,21024,4.73,-
21-SEP-2023,NGIL-RE1,Nakoda Grp of Ind Ltd,NIKHIL OMPRAKASH MALPANI,SELL,50000,4.57,-
21-SEP-2023,NGIL-RE1,Nakoda Grp of Ind Ltd,ASHWINI NAMDEO BANKAR,SELL,9992,5.06,-
21-SEP-2023,NGIL-RE1,Nakoda Grp of Ind Ltd,L7 HITECH PRIVATE LIMITED,SELL,13419,5.20,-
21-SEP-2023,NGIL-RE1,Nakoda Grp of Ind Ltd,BASAVA JYOTI INVESTMENTS PRIVATE LIMITED,SELL,21012,4.00,-
21-SEP-2023,NGIL-RE1,Nakoda Grp of Ind Ltd,BEERESHWAR FINANCIAL SERVICES PRIVATE LIMITED,SELL,21000,4.20,-
21-SEP-2023,OSIAHYPER,Osia Hyper Retail Ltd,SONAL R KHANDWALA,SELL,600000,47.80,-
21-SEP-2023,PANACEABIO,Panacea Biotec Ltd.,CRONY VYAPAR PVT LTD,SELL,1786496,167.63,-
21-SEP-2023,PANACEABIO,Panacea Biotec Ltd.,CITADEL SECURITIES INDIA MARKETS PRIVATE LIMITED,SELL,306424,161.24,-
21-SEP-2023,PANACEABIO,Panacea Biotec Ltd.,HRTI PRIVATE LIMITED,SELL,647963,166.47,-
21-SEP-2023,PANACEABIO,Panacea Biotec Ltd.,GRAVITON RESEARCH CAPITAL LLP,SELL,813205,166.41,-
21-SEP-2023,PANACEABIO,Panacea Biotec Ltd.,QE SECURITIES LLP,SELL,359280,164.31,-
21-SEP-2023,PRAXIS,Praxis Home Retail Ltd,FUTURE HOSPITALITY PRIVATE LIMITED,SELL,3500000,27.00,-
21-SEP-2023,SGL,STL Global Limited,ANKITA VISHAL SHAH,SELL,116493,21.27,-
21-SEP-2023,SOUTHBANK,South Indian Bank Ltd.,HRTI PRIVATE LIMITED,SELL,19462541,26.41,-
21-SEP-2023,TRF,TRF Limited,HRTI PRIVATE LIMITED,SELL,77918,248.06,-
21-SEP-2023,TRF,TRF Limited,SUDHA JAWAHAR SHAH,SELL,81000,249.65,-
21-SEP-2023,TRF,TRF Limited,GRAVITON RESEARCH CAPITAL LLP,SELL,228292,249.32,-
21-SEP-2023,UNIHEALTH,Unihealth Consultancy Ltd,MONEYWISE FINANCIAL SERVICES PRIVATE LTD,SELL,178000,134.96,-
21-SEP-2023,VAISHALI,Vaishali Pharma Limited,VARUN KRISHNAVTAR KABRA,SELL,55000,122.79,-
21-SEP-2023,VIKASLIFE,Vikas Lifecare Limited,HI GROWTH CORPORATE SERVICES PVT LTD,SELL,11556000,5.39,-
