Sr. No,Symbol,Series,Security Name,From,To
1,ASHAPURMIN,BE,ASHAPURA MINECHEM LIMITED,10,5
2,ARENTERP,EQ,RAJDARSHAN INDUSTRIES LIMITED,20,10
3,INDBANK,BE,INDBANK MERCHANT BANKING SERVICES LIMITED,20,5
4,BOHRAIND,BE,BOHRA INDUSTRIES LIMITED,5,2
5,IMPEXFERRO,BE,IMPEX FERRO TECH LIMITED,5,2
6,IZMO,BE,IZMO LIMITED,5,2
7,JYOTISTRUC,BE,JYOTI STRUCTURES LIMITED,5,2
8,KRIDHANINF,BE,KRIDHAN INFRA LIMITED,5,2
9,MASKINVEST,BE,MASK INVESTMENTS LIMITED,5,2
10,SAHAJ,SM,SAHAJ FASHIONS LIMITED,5,20
11,SPMLINFRA,BE,SPML INFRA LIMITED,5,2
12,TIRUPATIFL,BE,TIRUPATI FORGE LIMITED,5,2
13,V2RETAIL,BE,V2 RETAIL LIMITED,5,2
